{"credit":"By Ewan Howell","parent":"block/block","textures":{"glow":"block/gold_ore_e","particle":"#base"},"elements":[{"from":[0,0,0],"to":[16,16,16],"faces":{"north":{"uv":[0,0,16,16],"texture":"#base","cullface":"north","tintindex":0},"east":{"uv":[0,0,16,16],"texture":"#base","cullface":"east","tintindex":0},"south":{"uv":[0,0,16,16],"texture":"#base","cullface":"south","tintindex":0},"west":{"uv":[0,0,16,16],"texture":"#base","cullface":"west","tintindex":0},"up":{"uv":[0,0,16,16],"texture":"#base","cullface":"up","tintindex":0},"down":{"uv":[0,0,16,16],"texture":"#base","cullface":"down","tintindex":0}}},{"from":[11,14,-0.01],"to":[12,15,-0.01],"light_emission":15,"faces":{"north":{"uv":[4,1,5,2],"texture":"#glow","cullface":"north"}}},{"from":[8,9,-0.01],"to":[9,14,-0.01],"light_emission":15,"faces":{"north":{"uv":[7,2,8,7],"texture":"#glow","cullface":"north"}}},{"from":[1,12,-0.01],"to":[3,14,-0.01],"light_emission":15,"faces":{"north":{"uv":[13,2,15,4],"texture":"#glow","cullface":"north"}}},{"from":[9,7,-0.01],"to":[10,13,-0.01],"light_emission":15,"faces":{"north":{"uv":[6,3,7,9],"texture":"#glow","cullface":"north"}}},{"from":[7,9,-0.01],"to":[8,13,-0.01],"light_emission":15,"faces":{"north":{"uv":[8,3,9,7],"texture":"#glow","cullface":"north"}}},{"from":[3,11,-0.01],"to":[4,13,-0.01],"light_emission":15,"faces":{"north":{"uv":[12,3,13,5],"texture":"#glow","cullface":"north"}}},{"from":[10,9,-0.01],"to":[11,12,-0.01],"light_emission":15,"faces":{"north":{"uv":[5,4,6,7],"texture":"#glow","cullface":"north"}}},{"from":[2,11,-0.01],"to":[3,12,-0.01],"light_emission":15,"faces":{"north":{"uv":[13,4,14,5],"texture":"#glow","cullface":"north"}}},{"from":[11,10,-0.01],"to":[12,11,-0.01],"light_emission":15,"faces":{"north":{"uv":[4,5,5,6],"texture":"#glow","cullface":"north"}}},{"from":[1,8,-0.01],"to":[3,9,-0.01],"light_emission":15,"faces":{"north":{"uv":[13,7,15,8],"texture":"#glow","cullface":"north"}}},{"from":[12,6,-0.01],"to":[14,8,-0.01],"light_emission":15,"faces":{"north":{"uv":[2,8,4,10],"texture":"#glow","cullface":"north"}}},{"from":[3,3,-0.01],"to":[6,6,-0.01],"light_emission":15,"faces":{"north":{"uv":[10,10,13,13],"texture":"#glow","cullface":"north"}}},{"from":[6,4,-0.01],"to":[7,5,-0.01],"light_emission":15,"faces":{"north":{"uv":[9,11,10,12],"texture":"#glow","cullface":"north"}}},{"from":[1,4,-0.01],"to":[3,5,-0.01],"light_emission":15,"faces":{"north":{"uv":[13,11,15,12],"texture":"#glow","cullface":"north"}}},{"from":[11,2,-0.01],"to":[14,4,-0.01],"light_emission":15,"faces":{"north":{"uv":[2,12,5,14],"texture":"#glow","cullface":"north"}}},{"from":[8,3,-0.01],"to":[9,4,-0.01],"light_emission":15,"faces":{"north":{"uv":[7,12,8,13],"texture":"#glow","cullface":"north"}}},{"from":[14,2,-0.01],"to":[15,3,-0.01],"light_emission":15,"faces":{"north":{"uv":[1,13,2,14],"texture":"#glow","cullface":"north"}}},{"from":[10,2,-0.01],"to":[11,3,-0.01],"light_emission":15,"faces":{"north":{"uv":[5,13,6,14],"texture":"#glow","cullface":"north"}}},{"from":[4,2,-0.01],"to":[6,3,-0.01],"light_emission":15,"faces":{"north":{"uv":[10,13,12,14],"texture":"#glow","cullface":"north"}}},{"from":[11,1,-0.01],"to":[13,2,-0.01],"light_emission":15,"faces":{"north":{"uv":[3,14,5,15],"texture":"#glow","cullface":"north"}}},{"from":[1,1,-0.01],"to":[2,2,-0.01],"light_emission":15,"faces":{"north":{"uv":[14,14,15,15],"texture":"#glow","cullface":"north"}}},{"from":[16.01,14,11],"to":[16.01,15,12],"light_emission":15,"faces":{"east":{"uv":[4,1,5,2],"texture":"#glow","cullface":"east"}}},{"from":[16.01,9,8],"to":[16.01,14,9],"light_emission":15,"faces":{"east":{"uv":[7,2,8,7],"texture":"#glow","cullface":"east"}}},{"from":[16.01,12,1],"to":[16.01,14,3],"light_emission":15,"faces":{"east":{"uv":[13,2,15,4],"texture":"#glow","cullface":"east"}}},{"from":[16.01,7,9],"to":[16.01,13,10],"light_emission":15,"faces":{"east":{"uv":[6,3,7,9],"texture":"#glow","cullface":"east"}}},{"from":[16.01,9,7],"to":[16.01,13,8],"light_emission":15,"faces":{"east":{"uv":[8,3,9,7],"texture":"#glow","cullface":"east"}}},{"from":[16.01,11,3],"to":[16.01,13,4],"light_emission":15,"faces":{"east":{"uv":[12,3,13,5],"texture":"#glow","cullface":"east"}}},{"from":[16.01,9,10],"to":[16.01,12,11],"light_emission":15,"faces":{"east":{"uv":[5,4,6,7],"texture":"#glow","cullface":"east"}}},{"from":[16.01,11,2],"to":[16.01,12,3],"light_emission":15,"faces":{"east":{"uv":[13,4,14,5],"texture":"#glow","cullface":"east"}}},{"from":[16.01,10,11],"to":[16.01,11,12],"light_emission":15,"faces":{"east":{"uv":[4,5,5,6],"texture":"#glow","cullface":"east"}}},{"from":[16.01,8,1],"to":[16.01,9,3],"light_emission":15,"faces":{"east":{"uv":[13,7,15,8],"texture":"#glow","cullface":"east"}}},{"from":[16.01,6,12],"to":[16.01,8,14],"light_emission":15,"faces":{"east":{"uv":[2,8,4,10],"texture":"#glow","cullface":"east"}}},{"from":[16.01,3,3],"to":[16.01,6,6],"light_emission":15,"faces":{"east":{"uv":[10,10,13,13],"texture":"#glow","cullface":"east"}}},{"from":[16.01,4,6],"to":[16.01,5,7],"light_emission":15,"faces":{"east":{"uv":[9,11,10,12],"texture":"#glow","cullface":"east"}}},{"from":[16.01,4,1],"to":[16.01,5,3],"light_emission":15,"faces":{"east":{"uv":[13,11,15,12],"texture":"#glow","cullface":"east"}}},{"from":[16.01,2,11],"to":[16.01,4,14],"light_emission":15,"faces":{"east":{"uv":[2,12,5,14],"texture":"#glow","cullface":"east"}}},{"from":[16.01,3,8],"to":[16.01,4,9],"light_emission":15,"faces":{"east":{"uv":[7,12,8,13],"texture":"#glow","cullface":"east"}}},{"from":[16.01,2,14],"to":[16.01,3,15],"light_emission":15,"faces":{"east":{"uv":[1,13,2,14],"texture":"#glow","cullface":"east"}}},{"from":[16.01,2,10],"to":[16.01,3,11],"light_emission":15,"faces":{"east":{"uv":[5,13,6,14],"texture":"#glow","cullface":"east"}}},{"from":[16.01,2,4],"to":[16.01,3,6],"light_emission":15,"faces":{"east":{"uv":[10,13,12,14],"texture":"#glow","cullface":"east"}}},{"from":[16.01,1,11],"to":[16.01,2,13],"light_emission":15,"faces":{"east":{"uv":[3,14,5,15],"texture":"#glow","cullface":"east"}}},{"from":[16.01,1,1],"to":[16.01,2,2],"light_emission":15,"faces":{"east":{"uv":[14,14,15,15],"texture":"#glow","cullface":"east"}}},{"from":[4,14,16.01],"to":[5,15,16.01],"light_emission":15,"faces":{"south":{"uv":[4,1,5,2],"texture":"#glow","cullface":"south"}}},{"from":[7,9,16.01],"to":[8,14,16.01],"light_emission":15,"faces":{"south":{"uv":[7,2,8,7],"texture":"#glow","cullface":"south"}}},{"from":[13,12,16.01],"to":[15,14,16.01],"light_emission":15,"faces":{"south":{"uv":[13,2,15,4],"texture":"#glow","cullface":"south"}}},{"from":[6,7,16.01],"to":[7,13,16.01],"light_emission":15,"faces":{"south":{"uv":[6,3,7,9],"texture":"#glow","cullface":"south"}}},{"from":[8,9,16.01],"to":[9,13,16.01],"light_emission":15,"faces":{"south":{"uv":[8,3,9,7],"texture":"#glow","cullface":"south"}}},{"from":[12,11,16.01],"to":[13,13,16.01],"light_emission":15,"faces":{"south":{"uv":[12,3,13,5],"texture":"#glow","cullface":"south"}}},{"from":[5,9,16.01],"to":[6,12,16.01],"light_emission":15,"faces":{"south":{"uv":[5,4,6,7],"texture":"#glow","cullface":"south"}}},{"from":[13,11,16.01],"to":[14,12,16.01],"light_emission":15,"faces":{"south":{"uv":[13,4,14,5],"texture":"#glow","cullface":"south"}}},{"from":[4,10,16.01],"to":[5,11,16.01],"light_emission":15,"faces":{"south":{"uv":[4,5,5,6],"texture":"#glow","cullface":"south"}}},{"from":[13,8,16.01],"to":[15,9,16.01],"light_emission":15,"faces":{"south":{"uv":[13,7,15,8],"texture":"#glow","cullface":"south"}}},{"from":[2,6,16.01],"to":[4,8,16.01],"light_emission":15,"faces":{"south":{"uv":[2,8,4,10],"texture":"#glow","cullface":"south"}}},{"from":[10,3,16.01],"to":[13,6,16.01],"light_emission":15,"faces":{"south":{"uv":[10,10,13,13],"texture":"#glow","cullface":"south"}}},{"from":[9,4,16.01],"to":[10,5,16.01],"light_emission":15,"faces":{"south":{"uv":[9,11,10,12],"texture":"#glow","cullface":"south"}}},{"from":[13,4,16.01],"to":[15,5,16.01],"light_emission":15,"faces":{"south":{"uv":[13,11,15,12],"texture":"#glow","cullface":"south"}}},{"from":[2,2,16.01],"to":[5,4,16.01],"light_emission":15,"faces":{"south":{"uv":[2,12,5,14],"texture":"#glow","cullface":"south"}}},{"from":[7,3,16.01],"to":[8,4,16.01],"light_emission":15,"faces":{"south":{"uv":[7,12,8,13],"texture":"#glow","cullface":"south"}}},{"from":[1,2,16.01],"to":[2,3,16.01],"light_emission":15,"faces":{"south":{"uv":[1,13,2,14],"texture":"#glow","cullface":"south"}}},{"from":[5,2,16.01],"to":[6,3,16.01],"light_emission":15,"faces":{"south":{"uv":[5,13,6,14],"texture":"#glow","cullface":"south"}}},{"from":[10,2,16.01],"to":[12,3,16.01],"light_emission":15,"faces":{"south":{"uv":[10,13,12,14],"texture":"#glow","cullface":"south"}}},{"from":[3,1,16.01],"to":[5,2,16.01],"light_emission":15,"faces":{"south":{"uv":[3,14,5,15],"texture":"#glow","cullface":"south"}}},{"from":[14,1,16.01],"to":[15,2,16.01],"light_emission":15,"faces":{"south":{"uv":[14,14,15,15],"texture":"#glow","cullface":"south"}}},{"from":[-0.01,14,4],"to":[-0.01,15,5],"light_emission":15,"faces":{"west":{"uv":[4,1,5,2],"texture":"#glow","cullface":"west"}}},{"from":[-0.01,9,7],"to":[-0.01,14,8],"light_emission":15,"faces":{"west":{"uv":[7,2,8,7],"texture":"#glow","cullface":"west"}}},{"from":[-0.01,12,13],"to":[-0.01,14,15],"light_emission":15,"faces":{"west":{"uv":[13,2,15,4],"texture":"#glow","cullface":"west"}}},{"from":[-0.01,7,6],"to":[-0.01,13,7],"light_emission":15,"faces":{"west":{"uv":[6,3,7,9],"texture":"#glow","cullface":"west"}}},{"from":[-0.01,9,8],"to":[-0.01,13,9],"light_emission":15,"faces":{"west":{"uv":[8,3,9,7],"texture":"#glow","cullface":"west"}}},{"from":[-0.01,11,12],"to":[-0.01,13,13],"light_emission":15,"faces":{"west":{"uv":[12,3,13,5],"texture":"#glow","cullface":"west"}}},{"from":[-0.01,9,5],"to":[-0.01,12,6],"light_emission":15,"faces":{"west":{"uv":[5,4,6,7],"texture":"#glow","cullface":"west"}}},{"from":[-0.01,11,13],"to":[-0.01,12,14],"light_emission":15,"faces":{"west":{"uv":[13,4,14,5],"texture":"#glow","cullface":"west"}}},{"from":[-0.01,10,4],"to":[-0.01,11,5],"light_emission":15,"faces":{"west":{"uv":[4,5,5,6],"texture":"#glow","cullface":"west"}}},{"from":[-0.01,8,13],"to":[-0.01,9,15],"light_emission":15,"faces":{"west":{"uv":[13,7,15,8],"texture":"#glow","cullface":"west"}}},{"from":[-0.01,6,2],"to":[-0.01,8,4],"light_emission":15,"faces":{"west":{"uv":[2,8,4,10],"texture":"#glow","cullface":"west"}}},{"from":[-0.01,3,10],"to":[-0.01,6,13],"light_emission":15,"faces":{"west":{"uv":[10,10,13,13],"texture":"#glow","cullface":"west"}}},{"from":[-0.01,4,9],"to":[-0.01,5,10],"light_emission":15,"faces":{"west":{"uv":[9,11,10,12],"texture":"#glow","cullface":"west"}}},{"from":[-0.01,4,13],"to":[-0.01,5,15],"light_emission":15,"faces":{"west":{"uv":[13,11,15,12],"texture":"#glow","cullface":"west"}}},{"from":[-0.01,2,2],"to":[-0.01,4,5],"light_emission":15,"faces":{"west":{"uv":[2,12,5,14],"texture":"#glow","cullface":"west"}}},{"from":[-0.01,3,7],"to":[-0.01,4,8],"light_emission":15,"faces":{"west":{"uv":[7,12,8,13],"texture":"#glow","cullface":"west"}}},{"from":[-0.01,2,1],"to":[-0.01,3,2],"light_emission":15,"faces":{"west":{"uv":[1,13,2,14],"texture":"#glow","cullface":"west"}}},{"from":[-0.01,2,5],"to":[-0.01,3,6],"light_emission":15,"faces":{"west":{"uv":[5,13,6,14],"texture":"#glow","cullface":"west"}}},{"from":[-0.01,2,10],"to":[-0.01,3,12],"light_emission":15,"faces":{"west":{"uv":[10,13,12,14],"texture":"#glow","cullface":"west"}}},{"from":[-0.01,1,3],"to":[-0.01,2,5],"light_emission":15,"faces":{"west":{"uv":[3,14,5,15],"texture":"#glow","cullface":"west"}}},{"from":[-0.01,1,14],"to":[-0.01,2,15],"light_emission":15,"faces":{"west":{"uv":[14,14,15,15],"texture":"#glow","cullface":"west"}}},{"from":[4,16.01,1],"to":[5,16.01,2],"light_emission":15,"faces":{"up":{"uv":[4,1,5,2],"texture":"#glow","cullface":"up"}}},{"from":[7,16.01,2],"to":[8,16.01,7],"light_emission":15,"faces":{"up":{"uv":[7,2,8,7],"texture":"#glow","cullface":"up"}}},{"from":[13,16.01,2],"to":[15,16.01,4],"light_emission":15,"faces":{"up":{"uv":[13,2,15,4],"texture":"#glow","cullface":"up"}}},{"from":[6,16.01,3],"to":[7,16.01,9],"light_emission":15,"faces":{"up":{"uv":[6,3,7,9],"texture":"#glow","cullface":"up"}}},{"from":[8,16.01,3],"to":[9,16.01,7],"light_emission":15,"faces":{"up":{"uv":[8,3,9,7],"texture":"#glow","cullface":"up"}}},{"from":[12,16.01,3],"to":[13,16.01,5],"light_emission":15,"faces":{"up":{"uv":[12,3,13,5],"texture":"#glow","cullface":"up"}}},{"from":[5,16.01,4],"to":[6,16.01,7],"light_emission":15,"faces":{"up":{"uv":[5,4,6,7],"texture":"#glow","cullface":"up"}}},{"from":[13,16.01,4],"to":[14,16.01,5],"light_emission":15,"faces":{"up":{"uv":[13,4,14,5],"texture":"#glow","cullface":"up"}}},{"from":[4,16.01,5],"to":[5,16.01,6],"light_emission":15,"faces":{"up":{"uv":[4,5,5,6],"texture":"#glow","cullface":"up"}}},{"from":[13,16.01,7],"to":[15,16.01,8],"light_emission":15,"faces":{"up":{"uv":[13,7,15,8],"texture":"#glow","cullface":"up"}}},{"from":[2,16.01,8],"to":[4,16.01,10],"light_emission":15,"faces":{"up":{"uv":[2,8,4,10],"texture":"#glow","cullface":"up"}}},{"from":[10,16.01,10],"to":[13,16.01,13],"light_emission":15,"faces":{"up":{"uv":[10,10,13,13],"texture":"#glow","cullface":"up"}}},{"from":[9,16.01,11],"to":[10,16.01,12],"light_emission":15,"faces":{"up":{"uv":[9,11,10,12],"texture":"#glow","cullface":"up"}}},{"from":[13,16.01,11],"to":[15,16.01,12],"light_emission":15,"faces":{"up":{"uv":[13,11,15,12],"texture":"#glow","cullface":"up"}}},{"from":[2,16.01,12],"to":[5,16.01,14],"light_emission":15,"faces":{"up":{"uv":[2,12,5,14],"texture":"#glow","cullface":"up"}}},{"from":[7,16.01,12],"to":[8,16.01,13],"light_emission":15,"faces":{"up":{"uv":[7,12,8,13],"texture":"#glow","cullface":"up"}}},{"from":[1,16.01,13],"to":[2,16.01,14],"light_emission":15,"faces":{"up":{"uv":[1,13,2,14],"texture":"#glow","cullface":"up"}}},{"from":[5,16.01,13],"to":[6,16.01,14],"light_emission":15,"faces":{"up":{"uv":[5,13,6,14],"texture":"#glow","cullface":"up"}}},{"from":[10,16.01,13],"to":[12,16.01,14],"light_emission":15,"faces":{"up":{"uv":[10,13,12,14],"texture":"#glow","cullface":"up"}}},{"from":[3,16.01,14],"to":[5,16.01,15],"light_emission":15,"faces":{"up":{"uv":[3,14,5,15],"texture":"#glow","cullface":"up"}}},{"from":[14,16.01,14],"to":[15,16.01,15],"light_emission":15,"faces":{"up":{"uv":[14,14,15,15],"texture":"#glow","cullface":"up"}}},{"from":[4,-0.01,14],"to":[5,-0.01,15],"light_emission":15,"faces":{"down":{"uv":[4,1,5,2],"texture":"#glow","cullface":"down"}}},{"from":[7,-0.01,9],"to":[8,-0.01,14],"light_emission":15,"faces":{"down":{"uv":[7,2,8,7],"texture":"#glow","cullface":"down"}}},{"from":[13,-0.01,12],"to":[15,-0.01,14],"light_emission":15,"faces":{"down":{"uv":[13,2,15,4],"texture":"#glow","cullface":"down"}}},{"from":[6,-0.01,7],"to":[7,-0.01,13],"light_emission":15,"faces":{"down":{"uv":[6,3,7,9],"texture":"#glow","cullface":"down"}}},{"from":[8,-0.01,9],"to":[9,-0.01,13],"light_emission":15,"faces":{"down":{"uv":[8,3,9,7],"texture":"#glow","cullface":"down"}}},{"from":[12,-0.01,11],"to":[13,-0.01,13],"light_emission":15,"faces":{"down":{"uv":[12,3,13,5],"texture":"#glow","cullface":"down"}}},{"from":[5,-0.01,9],"to":[6,-0.01,12],"light_emission":15,"faces":{"down":{"uv":[5,4,6,7],"texture":"#glow","cullface":"down"}}},{"from":[13,-0.01,11],"to":[14,-0.01,12],"light_emission":15,"faces":{"down":{"uv":[13,4,14,5],"texture":"#glow","cullface":"down"}}},{"from":[4,-0.01,10],"to":[5,-0.01,11],"light_emission":15,"faces":{"down":{"uv":[4,5,5,6],"texture":"#glow","cullface":"down"}}},{"from":[13,-0.01,8],"to":[15,-0.01,9],"light_emission":15,"faces":{"down":{"uv":[13,7,15,8],"texture":"#glow","cullface":"down"}}},{"from":[2,-0.01,6],"to":[4,-0.01,8],"light_emission":15,"faces":{"down":{"uv":[2,8,4,10],"texture":"#glow","cullface":"down"}}},{"from":[10,-0.01,3],"to":[13,-0.01,6],"light_emission":15,"faces":{"down":{"uv":[10,10,13,13],"texture":"#glow","cullface":"down"}}},{"from":[9,-0.01,4],"to":[10,-0.01,5],"light_emission":15,"faces":{"down":{"uv":[9,11,10,12],"texture":"#glow","cullface":"down"}}},{"from":[13,-0.01,4],"to":[15,-0.01,5],"light_emission":15,"faces":{"down":{"uv":[13,11,15,12],"texture":"#glow","cullface":"down"}}},{"from":[2,-0.01,2],"to":[5,-0.01,4],"light_emission":15,"faces":{"down":{"uv":[2,12,5,14],"texture":"#glow","cullface":"down"}}},{"from":[7,-0.01,3],"to":[8,-0.01,4],"light_emission":15,"faces":{"down":{"uv":[7,12,8,13],"texture":"#glow","cullface":"down"}}},{"from":[1,-0.01,2],"to":[2,-0.01,3],"light_emission":15,"faces":{"down":{"uv":[1,13,2,14],"texture":"#glow","cullface":"down"}}},{"from":[5,-0.01,2],"to":[6,-0.01,3],"light_emission":15,"faces":{"down":{"uv":[5,13,6,14],"texture":"#glow","cullface":"down"}}},{"from":[10,-0.01,2],"to":[12,-0.01,3],"light_emission":15,"faces":{"down":{"uv":[10,13,12,14],"texture":"#glow","cullface":"down"}}},{"from":[3,-0.01,1],"to":[5,-0.01,2],"light_emission":15,"faces":{"down":{"uv":[3,14,5,15],"texture":"#glow","cullface":"down"}}},{"from":[14,-0.01,1],"to":[15,-0.01,2],"light_emission":15,"faces":{"down":{"uv":[14,14,15,15],"texture":"#glow","cullface":"down"}}}]}