{"credit":"By Ewan Howell","parent":"block/block","textures":{"particle":"#base","glow":"block/lapis_ore_e"},"elements":[{"from":[0,0,0],"to":[16,16,16],"faces":{"north":{"uv":[0,0,16,16],"texture":"#base","cullface":"north","tintindex":0},"east":{"uv":[0,0,16,16],"texture":"#base","cullface":"east","tintindex":0},"south":{"uv":[0,0,16,16],"texture":"#base","cullface":"south","tintindex":0},"west":{"uv":[0,0,16,16],"texture":"#base","cullface":"west","tintindex":0},"up":{"uv":[0,0,16,16],"texture":"#base","cullface":"up","tintindex":0},"down":{"uv":[0,0,16,16],"texture":"#base","cullface":"down","tintindex":0}}},{"from":[10,13,-0.01],"to":[14,14,-0.01],"light_emission":15,"faces":{"north":{"uv":[2,2,6,3],"texture":"#glow","cullface":"north"}}},{"from":[2,13,-0.01],"to":[4,14,-0.01],"light_emission":15,"faces":{"north":{"uv":[12,2,14,3],"texture":"#glow","cullface":"north"}}},{"from":[10,12,-0.01],"to":[11,13,-0.01],"light_emission":15,"faces":{"north":{"uv":[5,3,6,4],"texture":"#glow","cullface":"north"}}},{"from":[7,12,-0.01],"to":[9,13,-0.01],"light_emission":15,"faces":{"north":{"uv":[7,3,9,4],"texture":"#glow","cullface":"north"}}},{"from":[9,9,-0.01],"to":[11,11,-0.01],"light_emission":15,"faces":{"north":{"uv":[5,5,7,7],"texture":"#glow","cullface":"north"}}},{"from":[4,9,-0.01],"to":[6,11,-0.01],"light_emission":15,"faces":{"north":{"uv":[10,5,12,7],"texture":"#glow","cullface":"north"}}},{"from":[11,9,-0.01],"to":[13,10,-0.01],"light_emission":15,"faces":{"north":{"uv":[3,6,5,7],"texture":"#glow","cullface":"north"}}},{"from":[8,9,-0.01],"to":[9,10,-0.01],"light_emission":15,"faces":{"north":{"uv":[7,6,8,7],"texture":"#glow","cullface":"north"}}},{"from":[13,7,-0.01],"to":[15,9,-0.01],"light_emission":15,"faces":{"north":{"uv":[1,7,3,9],"texture":"#glow","cullface":"north"}}},{"from":[8,6,-0.01],"to":[9,8,-0.01],"light_emission":15,"faces":{"north":{"uv":[7,8,8,10],"texture":"#glow","cullface":"north"}}},{"from":[4,6,-0.01],"to":[7,8,-0.01],"light_emission":15,"faces":{"north":{"uv":[9,8,12,10],"texture":"#glow","cullface":"north"}}},{"from":[7,5,-0.01],"to":[8,7,-0.01],"light_emission":15,"faces":{"north":{"uv":[8,9,9,11],"texture":"#glow","cullface":"north"}}},{"from":[2,3,-0.01],"to":[3,7,-0.01],"light_emission":15,"faces":{"north":{"uv":[13,9,14,13],"texture":"#glow","cullface":"north"}}},{"from":[11,4,-0.01],"to":[12,6,-0.01],"light_emission":15,"faces":{"north":{"uv":[4,10,5,12],"texture":"#glow","cullface":"north"}}},{"from":[5,5,-0.01],"to":[7,6,-0.01],"light_emission":15,"faces":{"north":{"uv":[9,10,11,11],"texture":"#glow","cullface":"north"}}},{"from":[1,3,-0.01],"to":[2,6,-0.01],"light_emission":15,"faces":{"north":{"uv":[14,10,15,13],"texture":"#glow","cullface":"north"}}},{"from":[12,4,-0.01],"to":[14,5,-0.01],"light_emission":15,"faces":{"north":{"uv":[2,11,4,12],"texture":"#glow","cullface":"north"}}},{"from":[10,1,-0.01],"to":[11,4,-0.01],"light_emission":15,"faces":{"north":{"uv":[5,12,6,15],"texture":"#glow","cullface":"north"}}},{"from":[5,2,-0.01],"to":[8,4,-0.01],"light_emission":15,"faces":{"north":{"uv":[8,12,11,14],"texture":"#glow","cullface":"north"}}},{"from":[11,1,-0.01],"to":[12,3,-0.01],"light_emission":15,"faces":{"north":{"uv":[4,13,5,15],"texture":"#glow","cullface":"north"}}},{"from":[9,1,-0.01],"to":[10,3,-0.01],"light_emission":15,"faces":{"north":{"uv":[6,13,7,15],"texture":"#glow","cullface":"north"}}},{"from":[16.01,13,10],"to":[16.01,14,14],"light_emission":15,"faces":{"east":{"uv":[2,2,6,3],"texture":"#glow","cullface":"east"}}},{"from":[16.01,13,2],"to":[16.01,14,4],"light_emission":15,"faces":{"east":{"uv":[12,2,14,3],"texture":"#glow","cullface":"east"}}},{"from":[16.01,12,10],"to":[16.01,13,11],"light_emission":15,"faces":{"east":{"uv":[5,3,6,4],"texture":"#glow","cullface":"east"}}},{"from":[16.01,12,7],"to":[16.01,13,9],"light_emission":15,"faces":{"east":{"uv":[7,3,9,4],"texture":"#glow","cullface":"east"}}},{"from":[16.01,9,9],"to":[16.01,11,11],"light_emission":15,"faces":{"east":{"uv":[5,5,7,7],"texture":"#glow","cullface":"east"}}},{"from":[16.01,9,4],"to":[16.01,11,6],"light_emission":15,"faces":{"east":{"uv":[10,5,12,7],"texture":"#glow","cullface":"east"}}},{"from":[16.01,9,11],"to":[16.01,10,13],"light_emission":15,"faces":{"east":{"uv":[3,6,5,7],"texture":"#glow","cullface":"east"}}},{"from":[16.01,9,8],"to":[16.01,10,9],"light_emission":15,"faces":{"east":{"uv":[7,6,8,7],"texture":"#glow","cullface":"east"}}},{"from":[16.01,7,13],"to":[16.01,9,15],"light_emission":15,"faces":{"east":{"uv":[1,7,3,9],"texture":"#glow","cullface":"east"}}},{"from":[16.01,6,8],"to":[16.01,8,9],"light_emission":15,"faces":{"east":{"uv":[7,8,8,10],"texture":"#glow","cullface":"east"}}},{"from":[16.01,6,4],"to":[16.01,8,7],"light_emission":15,"faces":{"east":{"uv":[9,8,12,10],"texture":"#glow","cullface":"east"}}},{"from":[16.01,5,7],"to":[16.01,7,8],"light_emission":15,"faces":{"east":{"uv":[8,9,9,11],"texture":"#glow","cullface":"east"}}},{"from":[16.01,3,2],"to":[16.01,7,3],"light_emission":15,"faces":{"east":{"uv":[13,9,14,13],"texture":"#glow","cullface":"east"}}},{"from":[16.01,4,11],"to":[16.01,6,12],"light_emission":15,"faces":{"east":{"uv":[4,10,5,12],"texture":"#glow","cullface":"east"}}},{"from":[16.01,5,5],"to":[16.01,6,7],"light_emission":15,"faces":{"east":{"uv":[9,10,11,11],"texture":"#glow","cullface":"east"}}},{"from":[16.01,3,1],"to":[16.01,6,2],"light_emission":15,"faces":{"east":{"uv":[14,10,15,13],"texture":"#glow","cullface":"east"}}},{"from":[16.01,4,12],"to":[16.01,5,14],"light_emission":15,"faces":{"east":{"uv":[2,11,4,12],"texture":"#glow","cullface":"east"}}},{"from":[16.01,1,10],"to":[16.01,4,11],"light_emission":15,"faces":{"east":{"uv":[5,12,6,15],"texture":"#glow","cullface":"east"}}},{"from":[16.01,2,5],"to":[16.01,4,8],"light_emission":15,"faces":{"east":{"uv":[8,12,11,14],"texture":"#glow","cullface":"east"}}},{"from":[16.01,1,11],"to":[16.01,3,12],"light_emission":15,"faces":{"east":{"uv":[4,13,5,15],"texture":"#glow","cullface":"east"}}},{"from":[16.01,1,9],"to":[16.01,3,10],"light_emission":15,"faces":{"east":{"uv":[6,13,7,15],"texture":"#glow","cullface":"east"}}},{"from":[2,13,16.01],"to":[6,14,16.01],"light_emission":15,"faces":{"south":{"uv":[2,2,6,3],"texture":"#glow","cullface":"south"}}},{"from":[12,13,16.01],"to":[14,14,16.01],"light_emission":15,"faces":{"south":{"uv":[12,2,14,3],"texture":"#glow","cullface":"south"}}},{"from":[5,12,16.01],"to":[6,13,16.01],"light_emission":15,"faces":{"south":{"uv":[5,3,6,4],"texture":"#glow","cullface":"south"}}},{"from":[7,12,16.01],"to":[9,13,16.01],"light_emission":15,"faces":{"south":{"uv":[7,3,9,4],"texture":"#glow","cullface":"south"}}},{"from":[5,9,16.01],"to":[7,11,16.01],"light_emission":15,"faces":{"south":{"uv":[5,5,7,7],"texture":"#glow","cullface":"south"}}},{"from":[10,9,16.01],"to":[12,11,16.01],"light_emission":15,"faces":{"south":{"uv":[10,5,12,7],"texture":"#glow","cullface":"south"}}},{"from":[3,9,16.01],"to":[5,10,16.01],"light_emission":15,"faces":{"south":{"uv":[3,6,5,7],"texture":"#glow","cullface":"south"}}},{"from":[7,9,16.01],"to":[8,10,16.01],"light_emission":15,"faces":{"south":{"uv":[7,6,8,7],"texture":"#glow","cullface":"south"}}},{"from":[1,7,16.01],"to":[3,9,16.01],"light_emission":15,"faces":{"south":{"uv":[1,7,3,9],"texture":"#glow","cullface":"south"}}},{"from":[7,6,16.01],"to":[8,8,16.01],"light_emission":15,"faces":{"south":{"uv":[7,8,8,10],"texture":"#glow","cullface":"south"}}},{"from":[9,6,16.01],"to":[12,8,16.01],"light_emission":15,"faces":{"south":{"uv":[9,8,12,10],"texture":"#glow","cullface":"south"}}},{"from":[8,5,16.01],"to":[9,7,16.01],"light_emission":15,"faces":{"south":{"uv":[8,9,9,11],"texture":"#glow","cullface":"south"}}},{"from":[13,3,16.01],"to":[14,7,16.01],"light_emission":15,"faces":{"south":{"uv":[13,9,14,13],"texture":"#glow","cullface":"south"}}},{"from":[4,4,16.01],"to":[5,6,16.01],"light_emission":15,"faces":{"south":{"uv":[4,10,5,12],"texture":"#glow","cullface":"south"}}},{"from":[9,5,16.01],"to":[11,6,16.01],"light_emission":15,"faces":{"south":{"uv":[9,10,11,11],"texture":"#glow","cullface":"south"}}},{"from":[14,3,16.01],"to":[15,6,16.01],"light_emission":15,"faces":{"south":{"uv":[14,10,15,13],"texture":"#glow","cullface":"south"}}},{"from":[2,4,16.01],"to":[4,5,16.01],"light_emission":15,"faces":{"south":{"uv":[2,11,4,12],"texture":"#glow","cullface":"south"}}},{"from":[5,1,16.01],"to":[6,4,16.01],"light_emission":15,"faces":{"south":{"uv":[5,12,6,15],"texture":"#glow","cullface":"south"}}},{"from":[8,2,16.01],"to":[11,4,16.01],"light_emission":15,"faces":{"south":{"uv":[8,12,11,14],"texture":"#glow","cullface":"south"}}},{"from":[4,1,16.01],"to":[5,3,16.01],"light_emission":15,"faces":{"south":{"uv":[4,13,5,15],"texture":"#glow","cullface":"south"}}},{"from":[6,1,16.01],"to":[7,3,16.01],"light_emission":15,"faces":{"south":{"uv":[6,13,7,15],"texture":"#glow","cullface":"south"}}},{"from":[-0.01,13,2],"to":[-0.01,14,6],"light_emission":15,"faces":{"west":{"uv":[2,2,6,3],"texture":"#glow","cullface":"west"}}},{"from":[-0.01,13,12],"to":[-0.01,14,14],"light_emission":15,"faces":{"west":{"uv":[12,2,14,3],"texture":"#glow","cullface":"west"}}},{"from":[-0.01,12,5],"to":[-0.01,13,6],"light_emission":15,"faces":{"west":{"uv":[5,3,6,4],"texture":"#glow","cullface":"west"}}},{"from":[-0.01,12,7],"to":[-0.01,13,9],"light_emission":15,"faces":{"west":{"uv":[7,3,9,4],"texture":"#glow","cullface":"west"}}},{"from":[-0.01,9,5],"to":[-0.01,11,7],"light_emission":15,"faces":{"west":{"uv":[5,5,7,7],"texture":"#glow","cullface":"west"}}},{"from":[-0.01,9,10],"to":[-0.01,11,12],"light_emission":15,"faces":{"west":{"uv":[10,5,12,7],"texture":"#glow","cullface":"west"}}},{"from":[-0.01,9,3],"to":[-0.01,10,5],"light_emission":15,"faces":{"west":{"uv":[3,6,5,7],"texture":"#glow","cullface":"west"}}},{"from":[-0.01,9,7],"to":[-0.01,10,8],"light_emission":15,"faces":{"west":{"uv":[7,6,8,7],"texture":"#glow","cullface":"west"}}},{"from":[-0.01,7,1],"to":[-0.01,9,3],"light_emission":15,"faces":{"west":{"uv":[1,7,3,9],"texture":"#glow","cullface":"west"}}},{"from":[-0.01,6,7],"to":[-0.01,8,8],"light_emission":15,"faces":{"west":{"uv":[7,8,8,10],"texture":"#glow","cullface":"west"}}},{"from":[-0.01,6,9],"to":[-0.01,8,12],"light_emission":15,"faces":{"west":{"uv":[9,8,12,10],"texture":"#glow","cullface":"west"}}},{"from":[-0.01,5,8],"to":[-0.01,7,9],"light_emission":15,"faces":{"west":{"uv":[8,9,9,11],"texture":"#glow","cullface":"west"}}},{"from":[-0.01,3,13],"to":[-0.01,7,14],"light_emission":15,"faces":{"west":{"uv":[13,9,14,13],"texture":"#glow","cullface":"west"}}},{"from":[-0.01,4,4],"to":[-0.01,6,5],"light_emission":15,"faces":{"west":{"uv":[4,10,5,12],"texture":"#glow","cullface":"west"}}},{"from":[-0.01,5,9],"to":[-0.01,6,11],"light_emission":15,"faces":{"west":{"uv":[9,10,11,11],"texture":"#glow","cullface":"west"}}},{"from":[-0.01,3,14],"to":[-0.01,6,15],"light_emission":15,"faces":{"west":{"uv":[14,10,15,13],"texture":"#glow","cullface":"west"}}},{"from":[-0.01,4,2],"to":[-0.01,5,4],"light_emission":15,"faces":{"west":{"uv":[2,11,4,12],"texture":"#glow","cullface":"west"}}},{"from":[-0.01,1,5],"to":[-0.01,4,6],"light_emission":15,"faces":{"west":{"uv":[5,12,6,15],"texture":"#glow","cullface":"west"}}},{"from":[-0.01,2,8],"to":[-0.01,4,11],"light_emission":15,"faces":{"west":{"uv":[8,12,11,14],"texture":"#glow","cullface":"west"}}},{"from":[-0.01,1,4],"to":[-0.01,3,5],"light_emission":15,"faces":{"west":{"uv":[4,13,5,15],"texture":"#glow","cullface":"west"}}},{"from":[-0.01,1,6],"to":[-0.01,3,7],"light_emission":15,"faces":{"west":{"uv":[6,13,7,15],"texture":"#glow","cullface":"west"}}},{"from":[2,16.01,2],"to":[6,16.01,3],"light_emission":15,"faces":{"up":{"uv":[2,2,6,3],"texture":"#glow","cullface":"up"}}},{"from":[12,16.01,2],"to":[14,16.01,3],"light_emission":15,"faces":{"up":{"uv":[12,2,14,3],"texture":"#glow","cullface":"up"}}},{"from":[5,16.01,3],"to":[6,16.01,4],"light_emission":15,"faces":{"up":{"uv":[5,3,6,4],"texture":"#glow","cullface":"up"}}},{"from":[7,16.01,3],"to":[9,16.01,4],"light_emission":15,"faces":{"up":{"uv":[7,3,9,4],"texture":"#glow","cullface":"up"}}},{"from":[5,16.01,5],"to":[7,16.01,7],"light_emission":15,"faces":{"up":{"uv":[5,5,7,7],"texture":"#glow","cullface":"up"}}},{"from":[10,16.01,5],"to":[12,16.01,7],"light_emission":15,"faces":{"up":{"uv":[10,5,12,7],"texture":"#glow","cullface":"up"}}},{"from":[3,16.01,6],"to":[5,16.01,7],"light_emission":15,"faces":{"up":{"uv":[3,6,5,7],"texture":"#glow","cullface":"up"}}},{"from":[7,16.01,6],"to":[8,16.01,7],"light_emission":15,"faces":{"up":{"uv":[7,6,8,7],"texture":"#glow","cullface":"up"}}},{"from":[1,16.01,7],"to":[3,16.01,9],"light_emission":15,"faces":{"up":{"uv":[1,7,3,9],"texture":"#glow","cullface":"up"}}},{"from":[7,16.01,8],"to":[8,16.01,10],"light_emission":15,"faces":{"up":{"uv":[7,8,8,10],"texture":"#glow","cullface":"up"}}},{"from":[9,16.01,8],"to":[12,16.01,10],"light_emission":15,"faces":{"up":{"uv":[9,8,12,10],"texture":"#glow","cullface":"up"}}},{"from":[8,16.01,9],"to":[9,16.01,11],"light_emission":15,"faces":{"up":{"uv":[8,9,9,11],"texture":"#glow","cullface":"up"}}},{"from":[13,16.01,9],"to":[14,16.01,13],"light_emission":15,"faces":{"up":{"uv":[13,9,14,13],"texture":"#glow","cullface":"up"}}},{"from":[4,16.01,10],"to":[5,16.01,12],"light_emission":15,"faces":{"up":{"uv":[4,10,5,12],"texture":"#glow","cullface":"up"}}},{"from":[9,16.01,10],"to":[11,16.01,11],"light_emission":15,"faces":{"up":{"uv":[9,10,11,11],"texture":"#glow","cullface":"up"}}},{"from":[14,16.01,10],"to":[15,16.01,13],"light_emission":15,"faces":{"up":{"uv":[14,10,15,13],"texture":"#glow","cullface":"up"}}},{"from":[2,16.01,11],"to":[4,16.01,12],"light_emission":15,"faces":{"up":{"uv":[2,11,4,12],"texture":"#glow","cullface":"up"}}},{"from":[5,16.01,12],"to":[6,16.01,15],"light_emission":15,"faces":{"up":{"uv":[5,12,6,15],"texture":"#glow","cullface":"up"}}},{"from":[8,16.01,12],"to":[11,16.01,14],"light_emission":15,"faces":{"up":{"uv":[8,12,11,14],"texture":"#glow","cullface":"up"}}},{"from":[4,16.01,13],"to":[5,16.01,15],"light_emission":15,"faces":{"up":{"uv":[4,13,5,15],"texture":"#glow","cullface":"up"}}},{"from":[6,16.01,13],"to":[7,16.01,15],"light_emission":15,"faces":{"up":{"uv":[6,13,7,15],"texture":"#glow","cullface":"up"}}},{"from":[2,-0.01,13],"to":[6,-0.01,14],"light_emission":15,"faces":{"down":{"uv":[2,2,6,3],"texture":"#glow","cullface":"down"}}},{"from":[12,-0.01,13],"to":[14,-0.01,14],"light_emission":15,"faces":{"down":{"uv":[12,2,14,3],"texture":"#glow","cullface":"down"}}},{"from":[5,-0.01,12],"to":[6,-0.01,13],"light_emission":15,"faces":{"down":{"uv":[5,3,6,4],"texture":"#glow","cullface":"down"}}},{"from":[7,-0.01,12],"to":[9,-0.01,13],"light_emission":15,"faces":{"down":{"uv":[7,3,9,4],"texture":"#glow","cullface":"down"}}},{"from":[5,-0.01,9],"to":[7,-0.01,11],"light_emission":15,"faces":{"down":{"uv":[5,5,7,7],"texture":"#glow","cullface":"down"}}},{"from":[10,-0.01,9],"to":[12,-0.01,11],"light_emission":15,"faces":{"down":{"uv":[10,5,12,7],"texture":"#glow","cullface":"down"}}},{"from":[3,-0.01,9],"to":[5,-0.01,10],"light_emission":15,"faces":{"down":{"uv":[3,6,5,7],"texture":"#glow","cullface":"down"}}},{"from":[7,-0.01,9],"to":[8,-0.01,10],"light_emission":15,"faces":{"down":{"uv":[7,6,8,7],"texture":"#glow","cullface":"down"}}},{"from":[1,-0.01,7],"to":[3,-0.01,9],"light_emission":15,"faces":{"down":{"uv":[1,7,3,9],"texture":"#glow","cullface":"down"}}},{"from":[7,-0.01,6],"to":[8,-0.01,8],"light_emission":15,"faces":{"down":{"uv":[7,8,8,10],"texture":"#glow","cullface":"down"}}},{"from":[9,-0.01,6],"to":[12,-0.01,8],"light_emission":15,"faces":{"down":{"uv":[9,8,12,10],"texture":"#glow","cullface":"down"}}},{"from":[8,-0.01,5],"to":[9,-0.01,7],"light_emission":15,"faces":{"down":{"uv":[8,9,9,11],"texture":"#glow","cullface":"down"}}},{"from":[13,-0.01,3],"to":[14,-0.01,7],"light_emission":15,"faces":{"down":{"uv":[13,9,14,13],"texture":"#glow","cullface":"down"}}},{"from":[4,-0.01,4],"to":[5,-0.01,6],"light_emission":15,"faces":{"down":{"uv":[4,10,5,12],"texture":"#glow","cullface":"down"}}},{"from":[9,-0.01,5],"to":[11,-0.01,6],"light_emission":15,"faces":{"down":{"uv":[9,10,11,11],"texture":"#glow","cullface":"down"}}},{"from":[14,-0.01,3],"to":[15,-0.01,6],"light_emission":15,"faces":{"down":{"uv":[14,10,15,13],"texture":"#glow","cullface":"down"}}},{"from":[2,-0.01,4],"to":[4,-0.01,5],"light_emission":15,"faces":{"down":{"uv":[2,11,4,12],"texture":"#glow","cullface":"down"}}},{"from":[5,-0.01,1],"to":[6,-0.01,4],"light_emission":15,"faces":{"down":{"uv":[5,12,6,15],"texture":"#glow","cullface":"down"}}},{"from":[8,-0.01,2],"to":[11,-0.01,4],"light_emission":15,"faces":{"down":{"uv":[8,12,11,14],"texture":"#glow","cullface":"down"}}},{"from":[4,-0.01,1],"to":[5,-0.01,3],"light_emission":15,"faces":{"down":{"uv":[4,13,5,15],"texture":"#glow","cullface":"down"}}},{"from":[6,-0.01,1],"to":[7,-0.01,3],"light_emission":15,"faces":{"down":{"uv":[6,13,7,15],"texture":"#glow","cullface":"down"}}}]}