{"credit":"By Ewan Howell","parent":"block/block","textures":{"particle":"#base","glow":"block/emerald_ore_e"},"elements":[{"from":[0,0,0],"to":[16,16,16],"faces":{"north":{"uv":[0,0,16,16],"texture":"#base","cullface":"north","tintindex":0},"east":{"uv":[0,0,16,16],"texture":"#base","cullface":"east","tintindex":0},"south":{"uv":[0,0,16,16],"texture":"#base","cullface":"south","tintindex":0},"west":{"uv":[0,0,16,16],"texture":"#base","cullface":"west","tintindex":0},"up":{"uv":[0,0,16,16],"texture":"#base","cullface":"up","tintindex":0},"down":{"uv":[0,0,16,16],"texture":"#base","cullface":"down","tintindex":0}}},{"from":[12,12,-0.01],"to":[14,14,-0.01],"light_emission":15,"faces":{"north":{"uv":[2,2,4,4],"texture":"#glow","cullface":"north"}}},{"from":[4,12,-0.01],"to":[6,14,-0.01],"light_emission":15,"faces":{"north":{"uv":[10,2,12,4],"texture":"#glow","cullface":"north"}}},{"from":[8,8,-0.01],"to":[11,11,-0.01],"light_emission":15,"faces":{"north":{"uv":[5,5,8,8],"texture":"#glow","cullface":"north"}}},{"from":[11,7,-0.01],"to":[12,10,-0.01],"light_emission":15,"faces":{"north":{"uv":[4,6,5,9],"texture":"#glow","cullface":"north"}}},{"from":[1,7,-0.01],"to":[3,9,-0.01],"light_emission":15,"faces":{"north":{"uv":[13,7,15,9],"texture":"#glow","cullface":"north"}}},{"from":[13,6,-0.01],"to":[15,8,-0.01],"light_emission":15,"faces":{"north":{"uv":[1,8,3,10],"texture":"#glow","cullface":"north"}}},{"from":[10,7,-0.01],"to":[11,8,-0.01],"light_emission":15,"faces":{"north":{"uv":[5,8,6,9],"texture":"#glow","cullface":"north"}}},{"from":[5,3,-0.01],"to":[7,6,-0.01],"light_emission":15,"faces":{"north":{"uv":[9,10,11,13],"texture":"#glow","cullface":"north"}}},{"from":[7,3,-0.01],"to":[8,5,-0.01],"light_emission":15,"faces":{"north":{"uv":[8,11,9,13],"texture":"#glow","cullface":"north"}}},{"from":[3,3,-0.01],"to":[5,5,-0.01],"light_emission":15,"faces":{"north":{"uv":[11,11,13,13],"texture":"#glow","cullface":"north"}}},{"from":[10,1,-0.01],"to":[12,3,-0.01],"light_emission":15,"faces":{"north":{"uv":[4,13,6,15],"texture":"#glow","cullface":"north"}}},{"from":[5,2,-0.01],"to":[6,3,-0.01],"light_emission":15,"faces":{"north":{"uv":[10,13,11,14],"texture":"#glow","cullface":"north"}}},{"from":[16.01,12,12],"to":[16.01,14,14],"light_emission":15,"faces":{"east":{"uv":[2,2,4,4],"texture":"#glow","cullface":"east"}}},{"from":[16.01,12,4],"to":[16.01,14,6],"light_emission":15,"faces":{"east":{"uv":[10,2,12,4],"texture":"#glow","cullface":"east"}}},{"from":[16.01,8,8],"to":[16.01,11,11],"light_emission":15,"faces":{"east":{"uv":[5,5,8,8],"texture":"#glow","cullface":"east"}}},{"from":[16.01,7,11],"to":[16.01,10,12],"light_emission":15,"faces":{"east":{"uv":[4,6,5,9],"texture":"#glow","cullface":"east"}}},{"from":[16.01,7,1],"to":[16.01,9,3],"light_emission":15,"faces":{"east":{"uv":[13,7,15,9],"texture":"#glow","cullface":"east"}}},{"from":[16.01,6,13],"to":[16.01,8,15],"light_emission":15,"faces":{"east":{"uv":[1,8,3,10],"texture":"#glow","cullface":"east"}}},{"from":[16.01,7,10],"to":[16.01,8,11],"light_emission":15,"faces":{"east":{"uv":[5,8,6,9],"texture":"#glow","cullface":"east"}}},{"from":[16.01,3,5],"to":[16.01,6,7],"light_emission":15,"faces":{"east":{"uv":[9,10,11,13],"texture":"#glow","cullface":"east"}}},{"from":[16.01,3,7],"to":[16.01,5,8],"light_emission":15,"faces":{"east":{"uv":[8,11,9,13],"texture":"#glow","cullface":"east"}}},{"from":[16.01,3,3],"to":[16.01,5,5],"light_emission":15,"faces":{"east":{"uv":[11,11,13,13],"texture":"#glow","cullface":"east"}}},{"from":[16.01,1,10],"to":[16.01,3,12],"light_emission":15,"faces":{"east":{"uv":[4,13,6,15],"texture":"#glow","cullface":"east"}}},{"from":[16.01,2,5],"to":[16.01,3,6],"light_emission":15,"faces":{"east":{"uv":[10,13,11,14],"texture":"#glow","cullface":"east"}}},{"from":[2,12,16.01],"to":[4,14,16.01],"light_emission":15,"faces":{"south":{"uv":[2,2,4,4],"texture":"#glow","cullface":"south"}}},{"from":[10,12,16.01],"to":[12,14,16.01],"light_emission":15,"faces":{"south":{"uv":[10,2,12,4],"texture":"#glow","cullface":"south"}}},{"from":[5,8,16.01],"to":[8,11,16.01],"light_emission":15,"faces":{"south":{"uv":[5,5,8,8],"texture":"#glow","cullface":"south"}}},{"from":[4,7,16.01],"to":[5,10,16.01],"light_emission":15,"faces":{"south":{"uv":[4,6,5,9],"texture":"#glow","cullface":"south"}}},{"from":[13,7,16.01],"to":[15,9,16.01],"light_emission":15,"faces":{"south":{"uv":[13,7,15,9],"texture":"#glow","cullface":"south"}}},{"from":[1,6,16.01],"to":[3,8,16.01],"light_emission":15,"faces":{"south":{"uv":[1,8,3,10],"texture":"#glow","cullface":"south"}}},{"from":[5,7,16.01],"to":[6,8,16.01],"light_emission":15,"faces":{"south":{"uv":[5,8,6,9],"texture":"#glow","cullface":"south"}}},{"from":[9,3,16.01],"to":[11,6,16.01],"light_emission":15,"faces":{"south":{"uv":[9,10,11,13],"texture":"#glow","cullface":"south"}}},{"from":[8,3,16.01],"to":[9,5,16.01],"light_emission":15,"faces":{"south":{"uv":[8,11,9,13],"texture":"#glow","cullface":"south"}}},{"from":[11,3,16.01],"to":[13,5,16.01],"light_emission":15,"faces":{"south":{"uv":[11,11,13,13],"texture":"#glow","cullface":"south"}}},{"from":[4,1,16.01],"to":[6,3,16.01],"light_emission":15,"faces":{"south":{"uv":[4,13,6,15],"texture":"#glow","cullface":"south"}}},{"from":[10,2,16.01],"to":[11,3,16.01],"light_emission":15,"faces":{"south":{"uv":[10,13,11,14],"texture":"#glow","cullface":"south"}}},{"from":[-0.01,12,2],"to":[-0.01,14,4],"light_emission":15,"faces":{"west":{"uv":[2,2,4,4],"texture":"#glow","cullface":"west"}}},{"from":[-0.01,12,10],"to":[-0.01,14,12],"light_emission":15,"faces":{"west":{"uv":[10,2,12,4],"texture":"#glow","cullface":"west"}}},{"from":[-0.01,8,5],"to":[-0.01,11,8],"light_emission":15,"faces":{"west":{"uv":[5,5,8,8],"texture":"#glow","cullface":"west"}}},{"from":[-0.01,7,4],"to":[-0.01,10,5],"light_emission":15,"faces":{"west":{"uv":[4,6,5,9],"texture":"#glow","cullface":"west"}}},{"from":[-0.01,7,13],"to":[-0.01,9,15],"light_emission":15,"faces":{"west":{"uv":[13,7,15,9],"texture":"#glow","cullface":"west"}}},{"from":[-0.01,6,1],"to":[-0.01,8,3],"light_emission":15,"faces":{"west":{"uv":[1,8,3,10],"texture":"#glow","cullface":"west"}}},{"from":[-0.01,7,5],"to":[-0.01,8,6],"light_emission":15,"faces":{"west":{"uv":[5,8,6,9],"texture":"#glow","cullface":"west"}}},{"from":[-0.01,3,9],"to":[-0.01,6,11],"light_emission":15,"faces":{"west":{"uv":[9,10,11,13],"texture":"#glow","cullface":"west"}}},{"from":[-0.01,3,8],"to":[-0.01,5,9],"light_emission":15,"faces":{"west":{"uv":[8,11,9,13],"texture":"#glow","cullface":"west"}}},{"from":[-0.01,3,11],"to":[-0.01,5,13],"light_emission":15,"faces":{"west":{"uv":[11,11,13,13],"texture":"#glow","cullface":"west"}}},{"from":[-0.01,1,4],"to":[-0.01,3,6],"light_emission":15,"faces":{"west":{"uv":[4,13,6,15],"texture":"#glow","cullface":"west"}}},{"from":[-0.01,2,10],"to":[-0.01,3,11],"light_emission":15,"faces":{"west":{"uv":[10,13,11,14],"texture":"#glow","cullface":"west"}}},{"from":[2,16.01,2],"to":[4,16.01,4],"light_emission":15,"faces":{"up":{"uv":[2,2,4,4],"texture":"#glow","cullface":"up"}}},{"from":[10,16.01,2],"to":[12,16.01,4],"light_emission":15,"faces":{"up":{"uv":[10,2,12,4],"texture":"#glow","cullface":"up"}}},{"from":[5,16.01,5],"to":[8,16.01,8],"light_emission":15,"faces":{"up":{"uv":[5,5,8,8],"texture":"#glow","cullface":"up"}}},{"from":[4,16.01,6],"to":[5,16.01,9],"light_emission":15,"faces":{"up":{"uv":[4,6,5,9],"texture":"#glow","cullface":"up"}}},{"from":[13,16.01,7],"to":[15,16.01,9],"light_emission":15,"faces":{"up":{"uv":[13,7,15,9],"texture":"#glow","cullface":"up"}}},{"from":[1,16.01,8],"to":[3,16.01,10],"light_emission":15,"faces":{"up":{"uv":[1,8,3,10],"texture":"#glow","cullface":"up"}}},{"from":[5,16.01,8],"to":[6,16.01,9],"light_emission":15,"faces":{"up":{"uv":[5,8,6,9],"texture":"#glow","cullface":"up"}}},{"from":[9,16.01,10],"to":[11,16.01,13],"light_emission":15,"faces":{"up":{"uv":[9,10,11,13],"texture":"#glow","cullface":"up"}}},{"from":[8,16.01,11],"to":[9,16.01,13],"light_emission":15,"faces":{"up":{"uv":[8,11,9,13],"texture":"#glow","cullface":"up"}}},{"from":[11,16.01,11],"to":[13,16.01,13],"light_emission":15,"faces":{"up":{"uv":[11,11,13,13],"texture":"#glow","cullface":"up"}}},{"from":[4,16.01,13],"to":[6,16.01,15],"light_emission":15,"faces":{"up":{"uv":[4,13,6,15],"texture":"#glow","cullface":"up"}}},{"from":[10,16.01,13],"to":[11,16.01,14],"light_emission":15,"faces":{"up":{"uv":[10,13,11,14],"texture":"#glow","cullface":"up"}}},{"from":[2,-0.01,12],"to":[4,-0.01,14],"light_emission":15,"faces":{"down":{"uv":[2,2,4,4],"texture":"#glow","cullface":"down"}}},{"from":[10,-0.01,12],"to":[12,-0.01,14],"light_emission":15,"faces":{"down":{"uv":[10,2,12,4],"texture":"#glow","cullface":"down"}}},{"from":[5,-0.01,8],"to":[8,-0.01,11],"light_emission":15,"faces":{"down":{"uv":[5,5,8,8],"texture":"#glow","cullface":"down"}}},{"from":[4,-0.01,7],"to":[5,-0.01,10],"light_emission":15,"faces":{"down":{"uv":[4,6,5,9],"texture":"#glow","cullface":"down"}}},{"from":[13,-0.01,7],"to":[15,-0.01,9],"light_emission":15,"faces":{"down":{"uv":[13,7,15,9],"texture":"#glow","cullface":"down"}}},{"from":[1,-0.01,6],"to":[3,-0.01,8],"light_emission":15,"faces":{"down":{"uv":[1,8,3,10],"texture":"#glow","cullface":"down"}}},{"from":[5,-0.01,7],"to":[6,-0.01,8],"light_emission":15,"faces":{"down":{"uv":[5,8,6,9],"texture":"#glow","cullface":"down"}}},{"from":[9,-0.01,3],"to":[11,-0.01,6],"light_emission":15,"faces":{"down":{"uv":[9,10,11,13],"texture":"#glow","cullface":"down"}}},{"from":[8,-0.01,3],"to":[9,-0.01,5],"light_emission":15,"faces":{"down":{"uv":[8,11,9,13],"texture":"#glow","cullface":"down"}}},{"from":[11,-0.01,3],"to":[13,-0.01,5],"light_emission":15,"faces":{"down":{"uv":[11,11,13,13],"texture":"#glow","cullface":"down"}}},{"from":[4,-0.01,1],"to":[6,-0.01,3],"light_emission":15,"faces":{"down":{"uv":[4,13,6,15],"texture":"#glow","cullface":"down"}}},{"from":[10,-0.01,2],"to":[11,-0.01,3],"light_emission":15,"faces":{"down":{"uv":[10,13,11,14],"texture":"#glow","cullface":"down"}}}]}