{"credit":"By Ewan Howell","parent":"block/block","textures":{"glow":"block/iron_ore_e","particle":"#base"},"elements":[{"from":[0,0,0],"to":[16,16,16],"faces":{"north":{"uv":[0,0,16,16],"texture":"#base","cullface":"north","tintindex":0},"east":{"uv":[0,0,16,16],"texture":"#base","cullface":"east","tintindex":0},"south":{"uv":[0,0,16,16],"texture":"#base","cullface":"south","tintindex":0},"west":{"uv":[0,0,16,16],"texture":"#base","cullface":"west","tintindex":0},"up":{"uv":[0,0,16,16],"texture":"#base","cullface":"up","tintindex":0},"down":{"uv":[0,0,16,16],"texture":"#base","cullface":"down","tintindex":0}}},{"from":[1,14,-0.01],"to":[5,15,-0.01],"light_emission":15,"faces":{"north":{"uv":[10,1,14,2],"texture":"#glow","cullface":"north"}}},{"from":[11,12,-0.01],"to":[13,14,-0.01],"light_emission":15,"faces":{"north":{"uv":[2,2,4,4],"texture":"#glow","cullface":"north"}}},{"from":[10,13,-0.01],"to":[11,14,-0.01],"light_emission":15,"faces":{"north":{"uv":[4,2,5,3],"texture":"#glow","cullface":"north"}}},{"from":[2,13,-0.01],"to":[4,14,-0.01],"light_emission":15,"faces":{"north":{"uv":[11,2,13,3],"texture":"#glow","cullface":"north"}}},{"from":[13,12,-0.01],"to":[14,13,-0.01],"light_emission":15,"faces":{"north":{"uv":[1,3,2,4],"texture":"#glow","cullface":"north"}}},{"from":[4,10,-0.01],"to":[8,12,-0.01],"light_emission":15,"faces":{"north":{"uv":[7,4,11,6],"texture":"#glow","cullface":"north"}}},{"from":[3,11,-0.01],"to":[4,12,-0.01],"light_emission":15,"faces":{"north":{"uv":[11,4,12,5],"texture":"#glow","cullface":"north"}}},{"from":[8,10,-0.01],"to":[11,11,-0.01],"light_emission":15,"faces":{"north":{"uv":[4,5,7,6],"texture":"#glow","cullface":"north"}}},{"from":[0,10,-0.01],"to":[2,11,-0.01],"light_emission":15,"faces":{"north":{"uv":[13,5,15,6],"texture":"#glow","cullface":"north"}}},{"from":[6,9,-0.01],"to":[9,10,-0.01],"light_emission":15,"faces":{"north":{"uv":[6,6,9,7],"texture":"#glow","cullface":"north"}}},{"from":[10,6,-0.01],"to":[12,8,-0.01],"light_emission":15,"faces":{"north":{"uv":[3,8,5,10],"texture":"#glow","cullface":"north"}}},{"from":[2,7,-0.01],"to":[6,8,-0.01],"light_emission":15,"faces":{"north":{"uv":[9,8,13,9],"texture":"#glow","cullface":"north"}}},{"from":[12,6,-0.01],"to":[13,7,-0.01],"light_emission":15,"faces":{"north":{"uv":[2,9,3,10],"texture":"#glow","cullface":"north"}}},{"from":[8,6,-0.01],"to":[10,7,-0.01],"light_emission":15,"faces":{"north":{"uv":[5,9,7,10],"texture":"#glow","cullface":"north"}}},{"from":[3,6,-0.01],"to":[5,7,-0.01],"light_emission":15,"faces":{"north":{"uv":[10,9,12,10],"texture":"#glow","cullface":"north"}}},{"from":[9,5,-0.01],"to":[11,6,-0.01],"light_emission":15,"faces":{"north":{"uv":[4,10,6,11],"texture":"#glow","cullface":"north"}}},{"from":[2,2,-0.01],"to":[4,5,-0.01],"light_emission":15,"faces":{"north":{"uv":[11,11,13,14],"texture":"#glow","cullface":"north"}}},{"from":[9,3,-0.01],"to":[11,4,-0.01],"light_emission":15,"faces":{"north":{"uv":[4,12,6,13],"texture":"#glow","cullface":"north"}}},{"from":[4,3,-0.01],"to":[7,4,-0.01],"light_emission":15,"faces":{"north":{"uv":[8,12,11,13],"texture":"#glow","cullface":"north"}}},{"from":[0,3,-0.01],"to":[2,4,-0.01],"light_emission":15,"faces":{"north":{"uv":[13,12,15,13],"texture":"#glow","cullface":"north"}}},{"from":[12,2,-0.01],"to":[14,3,-0.01],"light_emission":15,"faces":{"north":{"uv":[1,13,3,14],"texture":"#glow","cullface":"north"}}},{"from":[4,2,-0.01],"to":[6,3,-0.01],"light_emission":15,"faces":{"north":{"uv":[9,13,11,14],"texture":"#glow","cullface":"north"}}},{"from":[11,1,-0.01],"to":[13,2,-0.01],"light_emission":15,"faces":{"north":{"uv":[2,14,4,15],"texture":"#glow","cullface":"north"}}},{"from":[16.01,14,1],"to":[16.01,15,5],"light_emission":15,"faces":{"east":{"uv":[10,1,14,2],"texture":"#glow","cullface":"east"}}},{"from":[16.01,12,11],"to":[16.01,14,13],"light_emission":15,"faces":{"east":{"uv":[2,2,4,4],"texture":"#glow","cullface":"east"}}},{"from":[16.01,13,10],"to":[16.01,14,11],"light_emission":15,"faces":{"east":{"uv":[4,2,5,3],"texture":"#glow","cullface":"east"}}},{"from":[16.01,13,2],"to":[16.01,14,4],"light_emission":15,"faces":{"east":{"uv":[11,2,13,3],"texture":"#glow","cullface":"east"}}},{"from":[16.01,12,13],"to":[16.01,13,14],"light_emission":15,"faces":{"east":{"uv":[1,3,2,4],"texture":"#glow","cullface":"east"}}},{"from":[16.01,10,4],"to":[16.01,12,8],"light_emission":15,"faces":{"east":{"uv":[7,4,11,6],"texture":"#glow","cullface":"east"}}},{"from":[16.01,11,3],"to":[16.01,12,4],"light_emission":15,"faces":{"east":{"uv":[11,4,12,5],"texture":"#glow","cullface":"east"}}},{"from":[16.01,10,8],"to":[16.01,11,11],"light_emission":15,"faces":{"east":{"uv":[4,5,7,6],"texture":"#glow","cullface":"east"}}},{"from":[16.01,10,0],"to":[16.01,11,2],"light_emission":15,"faces":{"east":{"uv":[13,5,15,6],"texture":"#glow","cullface":"east"}}},{"from":[16.01,9,6],"to":[16.01,10,9],"light_emission":15,"faces":{"east":{"uv":[6,6,9,7],"texture":"#glow","cullface":"east"}}},{"from":[16.01,6,10],"to":[16.01,8,12],"light_emission":15,"faces":{"east":{"uv":[3,8,5,10],"texture":"#glow","cullface":"east"}}},{"from":[16.01,7,2],"to":[16.01,8,6],"light_emission":15,"faces":{"east":{"uv":[9,8,13,9],"texture":"#glow","cullface":"east"}}},{"from":[16.01,6,12],"to":[16.01,7,13],"light_emission":15,"faces":{"east":{"uv":[2,9,3,10],"texture":"#glow","cullface":"east"}}},{"from":[16.01,6,8],"to":[16.01,7,10],"light_emission":15,"faces":{"east":{"uv":[5,9,7,10],"texture":"#glow","cullface":"east"}}},{"from":[16.01,6,3],"to":[16.01,7,5],"light_emission":15,"faces":{"east":{"uv":[10,9,12,10],"texture":"#glow","cullface":"east"}}},{"from":[16.01,5,9],"to":[16.01,6,11],"light_emission":15,"faces":{"east":{"uv":[4,10,6,11],"texture":"#glow","cullface":"east"}}},{"from":[16.01,2,2],"to":[16.01,5,4],"light_emission":15,"faces":{"east":{"uv":[11,11,13,14],"texture":"#glow","cullface":"east"}}},{"from":[16.01,3,9],"to":[16.01,4,11],"light_emission":15,"faces":{"east":{"uv":[4,12,6,13],"texture":"#glow","cullface":"east"}}},{"from":[16.01,3,4],"to":[16.01,4,7],"light_emission":15,"faces":{"east":{"uv":[8,12,11,13],"texture":"#glow","cullface":"east"}}},{"from":[16.01,3,0],"to":[16.01,4,2],"light_emission":15,"faces":{"east":{"uv":[13,12,15,13],"texture":"#glow","cullface":"east"}}},{"from":[16.01,2,12],"to":[16.01,3,14],"light_emission":15,"faces":{"east":{"uv":[1,13,3,14],"texture":"#glow","cullface":"east"}}},{"from":[16.01,2,4],"to":[16.01,3,6],"light_emission":15,"faces":{"east":{"uv":[9,13,11,14],"texture":"#glow","cullface":"east"}}},{"from":[16.01,1,11],"to":[16.01,2,13],"light_emission":15,"faces":{"east":{"uv":[2,14,4,15],"texture":"#glow","cullface":"east"}}},{"from":[11,14,16.01],"to":[15,15,16.01],"light_emission":15,"faces":{"south":{"uv":[10,1,14,2],"texture":"#glow","cullface":"south"}}},{"from":[3,12,16.01],"to":[5,14,16.01],"light_emission":15,"faces":{"south":{"uv":[2,2,4,4],"texture":"#glow","cullface":"south"}}},{"from":[5,13,16.01],"to":[6,14,16.01],"light_emission":15,"faces":{"south":{"uv":[4,2,5,3],"texture":"#glow","cullface":"south"}}},{"from":[12,13,16.01],"to":[14,14,16.01],"light_emission":15,"faces":{"south":{"uv":[11,2,13,3],"texture":"#glow","cullface":"south"}}},{"from":[2,12,16.01],"to":[3,13,16.01],"light_emission":15,"faces":{"south":{"uv":[1,3,2,4],"texture":"#glow","cullface":"south"}}},{"from":[8,10,16.01],"to":[12,12,16.01],"light_emission":15,"faces":{"south":{"uv":[7,4,11,6],"texture":"#glow","cullface":"south"}}},{"from":[12,11,16.01],"to":[13,12,16.01],"light_emission":15,"faces":{"south":{"uv":[11,4,12,5],"texture":"#glow","cullface":"south"}}},{"from":[5,10,16.01],"to":[8,11,16.01],"light_emission":15,"faces":{"south":{"uv":[4,5,7,6],"texture":"#glow","cullface":"south"}}},{"from":[14,10,16.01],"to":[16,11,16.01],"light_emission":15,"faces":{"south":{"uv":[13,5,15,6],"texture":"#glow","cullface":"south"}}},{"from":[7,9,16.01],"to":[10,10,16.01],"light_emission":15,"faces":{"south":{"uv":[6,6,9,7],"texture":"#glow","cullface":"south"}}},{"from":[4,6,16.01],"to":[6,8,16.01],"light_emission":15,"faces":{"south":{"uv":[3,8,5,10],"texture":"#glow","cullface":"south"}}},{"from":[10,7,16.01],"to":[14,8,16.01],"light_emission":15,"faces":{"south":{"uv":[9,8,13,9],"texture":"#glow","cullface":"south"}}},{"from":[3,6,16.01],"to":[4,7,16.01],"light_emission":15,"faces":{"south":{"uv":[2,9,3,10],"texture":"#glow","cullface":"south"}}},{"from":[6,6,16.01],"to":[8,7,16.01],"light_emission":15,"faces":{"south":{"uv":[5,9,7,10],"texture":"#glow","cullface":"south"}}},{"from":[11,6,16.01],"to":[13,7,16.01],"light_emission":15,"faces":{"south":{"uv":[10,9,12,10],"texture":"#glow","cullface":"south"}}},{"from":[5,5,16.01],"to":[7,6,16.01],"light_emission":15,"faces":{"south":{"uv":[4,10,6,11],"texture":"#glow","cullface":"south"}}},{"from":[12,2,16.01],"to":[14,5,16.01],"light_emission":15,"faces":{"south":{"uv":[11,11,13,14],"texture":"#glow","cullface":"south"}}},{"from":[5,3,16.01],"to":[7,4,16.01],"light_emission":15,"faces":{"south":{"uv":[4,12,6,13],"texture":"#glow","cullface":"south"}}},{"from":[9,3,16.01],"to":[12,4,16.01],"light_emission":15,"faces":{"south":{"uv":[8,12,11,13],"texture":"#glow","cullface":"south"}}},{"from":[14,3,16.01],"to":[16,4,16.01],"light_emission":15,"faces":{"south":{"uv":[13,12,15,13],"texture":"#glow","cullface":"south"}}},{"from":[2,2,16.01],"to":[4,3,16.01],"light_emission":15,"faces":{"south":{"uv":[1,13,3,14],"texture":"#glow","cullface":"south"}}},{"from":[10,2,16.01],"to":[12,3,16.01],"light_emission":15,"faces":{"south":{"uv":[9,13,11,14],"texture":"#glow","cullface":"south"}}},{"from":[3,1,16.01],"to":[5,2,16.01],"light_emission":15,"faces":{"south":{"uv":[2,14,4,15],"texture":"#glow","cullface":"south"}}},{"from":[-0.01,14,11],"to":[-0.01,15,15],"light_emission":15,"faces":{"west":{"uv":[10,1,14,2],"texture":"#glow","cullface":"west"}}},{"from":[-0.01,12,3],"to":[-0.01,14,5],"light_emission":15,"faces":{"west":{"uv":[2,2,4,4],"texture":"#glow","cullface":"west"}}},{"from":[-0.01,13,5],"to":[-0.01,14,6],"light_emission":15,"faces":{"west":{"uv":[4,2,5,3],"texture":"#glow","cullface":"west"}}},{"from":[-0.01,13,12],"to":[-0.01,14,14],"light_emission":15,"faces":{"west":{"uv":[11,2,13,3],"texture":"#glow","cullface":"west"}}},{"from":[-0.01,12,2],"to":[-0.01,13,3],"light_emission":15,"faces":{"west":{"uv":[1,3,2,4],"texture":"#glow","cullface":"west"}}},{"from":[-0.01,10,8],"to":[-0.01,12,12],"light_emission":15,"faces":{"west":{"uv":[7,4,11,6],"texture":"#glow","cullface":"west"}}},{"from":[-0.01,11,12],"to":[-0.01,12,13],"light_emission":15,"faces":{"west":{"uv":[11,4,12,5],"texture":"#glow","cullface":"west"}}},{"from":[-0.01,10,5],"to":[-0.01,11,8],"light_emission":15,"faces":{"west":{"uv":[4,5,7,6],"texture":"#glow","cullface":"west"}}},{"from":[-0.01,10,14],"to":[-0.01,11,16],"light_emission":15,"faces":{"west":{"uv":[13,5,15,6],"texture":"#glow","cullface":"west"}}},{"from":[-0.01,9,7],"to":[-0.01,10,10],"light_emission":15,"faces":{"west":{"uv":[6,6,9,7],"texture":"#glow","cullface":"west"}}},{"from":[-0.01,6,4],"to":[-0.01,8,6],"light_emission":15,"faces":{"west":{"uv":[3,8,5,10],"texture":"#glow","cullface":"west"}}},{"from":[-0.01,7,10],"to":[-0.01,8,14],"light_emission":15,"faces":{"west":{"uv":[9,8,13,9],"texture":"#glow","cullface":"west"}}},{"from":[-0.01,6,3],"to":[-0.01,7,4],"light_emission":15,"faces":{"west":{"uv":[2,9,3,10],"texture":"#glow","cullface":"west"}}},{"from":[-0.01,6,6],"to":[-0.01,7,8],"light_emission":15,"faces":{"west":{"uv":[5,9,7,10],"texture":"#glow","cullface":"west"}}},{"from":[-0.01,6,11],"to":[-0.01,7,13],"light_emission":15,"faces":{"west":{"uv":[10,9,12,10],"texture":"#glow","cullface":"west"}}},{"from":[-0.01,5,5],"to":[-0.01,6,7],"light_emission":15,"faces":{"west":{"uv":[4,10,6,11],"texture":"#glow","cullface":"west"}}},{"from":[-0.01,2,12],"to":[-0.01,5,14],"light_emission":15,"faces":{"west":{"uv":[11,11,13,14],"texture":"#glow","cullface":"west"}}},{"from":[-0.01,3,5],"to":[-0.01,4,7],"light_emission":15,"faces":{"west":{"uv":[4,12,6,13],"texture":"#glow","cullface":"west"}}},{"from":[-0.01,3,9],"to":[-0.01,4,12],"light_emission":15,"faces":{"west":{"uv":[8,12,11,13],"texture":"#glow","cullface":"west"}}},{"from":[-0.01,3,14],"to":[-0.01,4,16],"light_emission":15,"faces":{"west":{"uv":[13,12,15,13],"texture":"#glow","cullface":"west"}}},{"from":[-0.01,2,2],"to":[-0.01,3,4],"light_emission":15,"faces":{"west":{"uv":[1,13,3,14],"texture":"#glow","cullface":"west"}}},{"from":[-0.01,2,10],"to":[-0.01,3,12],"light_emission":15,"faces":{"west":{"uv":[9,13,11,14],"texture":"#glow","cullface":"west"}}},{"from":[-0.01,1,3],"to":[-0.01,2,5],"light_emission":15,"faces":{"west":{"uv":[2,14,4,15],"texture":"#glow","cullface":"west"}}},{"from":[11,16.01,1],"to":[15,16.01,2],"light_emission":15,"faces":{"up":{"uv":[10,1,14,2],"texture":"#glow","cullface":"up"}}},{"from":[3,16.01,2],"to":[5,16.01,4],"light_emission":15,"faces":{"up":{"uv":[2,2,4,4],"texture":"#glow","cullface":"up"}}},{"from":[5,16.01,2],"to":[6,16.01,3],"light_emission":15,"faces":{"up":{"uv":[4,2,5,3],"texture":"#glow","cullface":"up"}}},{"from":[12,16.01,2],"to":[14,16.01,3],"light_emission":15,"faces":{"up":{"uv":[11,2,13,3],"texture":"#glow","cullface":"up"}}},{"from":[2,16.01,3],"to":[3,16.01,4],"light_emission":15,"faces":{"up":{"uv":[1,3,2,4],"texture":"#glow","cullface":"up"}}},{"from":[8,16.01,4],"to":[12,16.01,6],"light_emission":15,"faces":{"up":{"uv":[7,4,11,6],"texture":"#glow","cullface":"up"}}},{"from":[12,16.01,4],"to":[13,16.01,5],"light_emission":15,"faces":{"up":{"uv":[11,4,12,5],"texture":"#glow","cullface":"up"}}},{"from":[5,16.01,5],"to":[8,16.01,6],"light_emission":15,"faces":{"up":{"uv":[4,5,7,6],"texture":"#glow","cullface":"up"}}},{"from":[14,16.01,5],"to":[16,16.01,6],"light_emission":15,"faces":{"up":{"uv":[13,5,15,6],"texture":"#glow","cullface":"up"}}},{"from":[7,16.01,6],"to":[10,16.01,7],"light_emission":15,"faces":{"up":{"uv":[6,6,9,7],"texture":"#glow","cullface":"up"}}},{"from":[4,16.01,8],"to":[6,16.01,10],"light_emission":15,"faces":{"up":{"uv":[3,8,5,10],"texture":"#glow","cullface":"up"}}},{"from":[10,16.01,8],"to":[14,16.01,9],"light_emission":15,"faces":{"up":{"uv":[9,8,13,9],"texture":"#glow","cullface":"up"}}},{"from":[3,16.01,9],"to":[4,16.01,10],"light_emission":15,"faces":{"up":{"uv":[2,9,3,10],"texture":"#glow","cullface":"up"}}},{"from":[6,16.01,9],"to":[8,16.01,10],"light_emission":15,"faces":{"up":{"uv":[5,9,7,10],"texture":"#glow","cullface":"up"}}},{"from":[11,16.01,9],"to":[13,16.01,10],"light_emission":15,"faces":{"up":{"uv":[10,9,12,10],"texture":"#glow","cullface":"up"}}},{"from":[5,16.01,10],"to":[7,16.01,11],"light_emission":15,"faces":{"up":{"uv":[4,10,6,11],"texture":"#glow","cullface":"up"}}},{"from":[12,16.01,11],"to":[14,16.01,14],"light_emission":15,"faces":{"up":{"uv":[11,11,13,14],"texture":"#glow","cullface":"up"}}},{"from":[5,16.01,12],"to":[7,16.01,13],"light_emission":15,"faces":{"up":{"uv":[4,12,6,13],"texture":"#glow","cullface":"up"}}},{"from":[9,16.01,12],"to":[12,16.01,13],"light_emission":15,"faces":{"up":{"uv":[8,12,11,13],"texture":"#glow","cullface":"up"}}},{"from":[14,16.01,12],"to":[16,16.01,13],"light_emission":15,"faces":{"up":{"uv":[13,12,15,13],"texture":"#glow","cullface":"up"}}},{"from":[2,16.01,13],"to":[4,16.01,14],"light_emission":15,"faces":{"up":{"uv":[1,13,3,14],"texture":"#glow","cullface":"up"}}},{"from":[10,16.01,13],"to":[12,16.01,14],"light_emission":15,"faces":{"up":{"uv":[9,13,11,14],"texture":"#glow","cullface":"up"}}},{"from":[3,16.01,14],"to":[5,16.01,15],"light_emission":15,"faces":{"up":{"uv":[2,14,4,15],"texture":"#glow","cullface":"up"}}},{"from":[11,-0.01,14],"to":[15,-0.01,15],"light_emission":15,"faces":{"down":{"uv":[10,1,14,2],"texture":"#glow","cullface":"down"}}},{"from":[3,-0.01,12],"to":[5,-0.01,14],"light_emission":15,"faces":{"down":{"uv":[2,2,4,4],"texture":"#glow","cullface":"down"}}},{"from":[5,-0.01,13],"to":[6,-0.01,14],"light_emission":15,"faces":{"down":{"uv":[4,2,5,3],"texture":"#glow","cullface":"down"}}},{"from":[12,-0.01,13],"to":[14,-0.01,14],"light_emission":15,"faces":{"down":{"uv":[11,2,13,3],"texture":"#glow","cullface":"down"}}},{"from":[2,-0.01,12],"to":[3,-0.01,13],"light_emission":15,"faces":{"down":{"uv":[1,3,2,4],"texture":"#glow","cullface":"down"}}},{"from":[8,-0.01,10],"to":[12,-0.01,12],"light_emission":15,"faces":{"down":{"uv":[7,4,11,6],"texture":"#glow","cullface":"down"}}},{"from":[12,-0.01,11],"to":[13,-0.01,12],"light_emission":15,"faces":{"down":{"uv":[11,4,12,5],"texture":"#glow","cullface":"down"}}},{"from":[5,-0.01,10],"to":[8,-0.01,11],"light_emission":15,"faces":{"down":{"uv":[4,5,7,6],"texture":"#glow","cullface":"down"}}},{"from":[14,-0.01,10],"to":[16,-0.01,11],"light_emission":15,"faces":{"down":{"uv":[13,5,15,6],"texture":"#glow","cullface":"down"}}},{"from":[7,-0.01,9],"to":[10,-0.01,10],"light_emission":15,"faces":{"down":{"uv":[6,6,9,7],"texture":"#glow","cullface":"down"}}},{"from":[4,-0.01,6],"to":[6,-0.01,8],"light_emission":15,"faces":{"down":{"uv":[3,8,5,10],"texture":"#glow","cullface":"down"}}},{"from":[10,-0.01,7],"to":[14,-0.01,8],"light_emission":15,"faces":{"down":{"uv":[9,8,13,9],"texture":"#glow","cullface":"down"}}},{"from":[3,-0.01,6],"to":[4,-0.01,7],"light_emission":15,"faces":{"down":{"uv":[2,9,3,10],"texture":"#glow","cullface":"down"}}},{"from":[6,-0.01,6],"to":[8,-0.01,7],"light_emission":15,"faces":{"down":{"uv":[5,9,7,10],"texture":"#glow","cullface":"down"}}},{"from":[11,-0.01,6],"to":[13,-0.01,7],"light_emission":15,"faces":{"down":{"uv":[10,9,12,10],"texture":"#glow","cullface":"down"}}},{"from":[5,-0.01,5],"to":[7,-0.01,6],"light_emission":15,"faces":{"down":{"uv":[4,10,6,11],"texture":"#glow","cullface":"down"}}},{"from":[12,-0.01,2],"to":[14,-0.01,5],"light_emission":15,"faces":{"down":{"uv":[11,11,13,14],"texture":"#glow","cullface":"down"}}},{"from":[5,-0.01,3],"to":[7,-0.01,4],"light_emission":15,"faces":{"down":{"uv":[4,12,6,13],"texture":"#glow","cullface":"down"}}},{"from":[9,-0.01,3],"to":[12,-0.01,4],"light_emission":15,"faces":{"down":{"uv":[8,12,11,13],"texture":"#glow","cullface":"down"}}},{"from":[14,-0.01,3],"to":[16,-0.01,4],"light_emission":15,"faces":{"down":{"uv":[13,12,15,13],"texture":"#glow","cullface":"down"}}},{"from":[2,-0.01,2],"to":[4,-0.01,3],"light_emission":15,"faces":{"down":{"uv":[1,13,3,14],"texture":"#glow","cullface":"down"}}},{"from":[10,-0.01,2],"to":[12,-0.01,3],"light_emission":15,"faces":{"down":{"uv":[9,13,11,14],"texture":"#glow","cullface":"down"}}},{"from":[3,-0.01,1],"to":[5,-0.01,2],"light_emission":15,"faces":{"down":{"uv":[2,14,4,15],"texture":"#glow","cullface":"down"}}}]}