{"credit":"By Ewan Howell","parent":"block/block","textures":{"glow":"block/gilded_blackstone_e","particle":"#base"},"elements":[{"from":[0,0,0],"to":[16,16,16],"faces":{"north":{"uv":[0,0,16,16],"texture":"#base","cullface":"north","tintindex":0},"east":{"uv":[0,0,16,16],"texture":"#base","cullface":"east","tintindex":0},"south":{"uv":[0,0,16,16],"texture":"#base","cullface":"south","tintindex":0},"west":{"uv":[0,0,16,16],"texture":"#base","cullface":"west","tintindex":0},"up":{"uv":[0,0,16,16],"texture":"#base","cullface":"up","tintindex":0},"down":{"uv":[0,0,16,16],"texture":"#base","cullface":"down","tintindex":0}}},{"from":[12,14,-0.01],"to":[14,15,-0.01],"light_emission":15,"faces":{"north":{"uv":[2,1,4,2],"texture":"#glow","cullface":"north"}}},{"from":[14,13,-0.01],"to":[15,14,-0.01],"light_emission":15,"faces":{"north":{"uv":[1,2,2,3],"texture":"#glow","cullface":"north"}}},{"from":[5,13,-0.01],"to":[7,14,-0.01],"light_emission":15,"faces":{"north":{"uv":[9,2,11,3],"texture":"#glow","cullface":"north"}}},{"from":[15,12,-0.01],"to":[16,13,-0.01],"light_emission":15,"faces":{"north":{"uv":[0,3,1,4],"texture":"#glow","cullface":"north"}}},{"from":[4,12,-0.01],"to":[6,13,-0.01],"light_emission":15,"faces":{"north":{"uv":[10,3,12,4],"texture":"#glow","cullface":"north"}}},{"from":[3,11,-0.01],"to":[4,12,-0.01],"light_emission":15,"faces":{"north":{"uv":[12,4,13,5],"texture":"#glow","cullface":"north"}}},{"from":[9,8,-0.01],"to":[10,9,-0.01],"light_emission":15,"faces":{"north":{"uv":[6,7,7,8],"texture":"#glow","cullface":"north"}}},{"from":[4,7,-0.01],"to":[6,8,-0.01],"light_emission":15,"faces":{"north":{"uv":[10,8,12,9],"texture":"#glow","cullface":"north"}}},{"from":[10,5,-0.01],"to":[12,6,-0.01],"light_emission":15,"faces":{"north":{"uv":[4,10,6,11],"texture":"#glow","cullface":"north"}}},{"from":[0,4,-0.01],"to":[1,6,-0.01],"light_emission":15,"faces":{"north":{"uv":[15,10,16,12],"texture":"#glow","cullface":"north"}}},{"from":[9,3,-0.01],"to":[10,5,-0.01],"light_emission":15,"faces":{"north":{"uv":[6,11,7,13],"texture":"#glow","cullface":"north"}}},{"from":[1,3,-0.01],"to":[2,4,-0.01],"light_emission":15,"faces":{"north":{"uv":[14,12,15,13],"texture":"#glow","cullface":"north"}}},{"from":[8,2,-0.01],"to":[9,3,-0.01],"light_emission":15,"faces":{"north":{"uv":[7,13,8,14],"texture":"#glow","cullface":"north"}}},{"from":[16.01,14,12],"to":[16.01,15,14],"light_emission":15,"faces":{"east":{"uv":[2,1,4,2],"texture":"#glow","cullface":"east"}}},{"from":[16.01,13,14],"to":[16.01,14,15],"light_emission":15,"faces":{"east":{"uv":[1,2,2,3],"texture":"#glow","cullface":"east"}}},{"from":[16.01,13,5],"to":[16.01,14,7],"light_emission":15,"faces":{"east":{"uv":[9,2,11,3],"texture":"#glow","cullface":"east"}}},{"from":[16.01,12,15],"to":[16.01,13,16],"light_emission":15,"faces":{"east":{"uv":[0,3,1,4],"texture":"#glow","cullface":"east"}}},{"from":[16.01,12,4],"to":[16.01,13,6],"light_emission":15,"faces":{"east":{"uv":[10,3,12,4],"texture":"#glow","cullface":"east"}}},{"from":[16.01,11,3],"to":[16.01,12,4],"light_emission":15,"faces":{"east":{"uv":[12,4,13,5],"texture":"#glow","cullface":"east"}}},{"from":[16.01,8,9],"to":[16.01,9,10],"light_emission":15,"faces":{"east":{"uv":[6,7,7,8],"texture":"#glow","cullface":"east"}}},{"from":[16.01,7,4],"to":[16.01,8,6],"light_emission":15,"faces":{"east":{"uv":[10,8,12,9],"texture":"#glow","cullface":"east"}}},{"from":[16.01,5,10],"to":[16.01,6,12],"light_emission":15,"faces":{"east":{"uv":[4,10,6,11],"texture":"#glow","cullface":"east"}}},{"from":[16.01,4,0],"to":[16.01,6,1],"light_emission":15,"faces":{"east":{"uv":[15,10,16,12],"texture":"#glow","cullface":"east"}}},{"from":[16.01,3,9],"to":[16.01,5,10],"light_emission":15,"faces":{"east":{"uv":[6,11,7,13],"texture":"#glow","cullface":"east"}}},{"from":[16.01,3,1],"to":[16.01,4,2],"light_emission":15,"faces":{"east":{"uv":[14,12,15,13],"texture":"#glow","cullface":"east"}}},{"from":[16.01,2,8],"to":[16.01,3,9],"light_emission":15,"faces":{"east":{"uv":[7,13,8,14],"texture":"#glow","cullface":"east"}}},{"from":[2,14,16.01],"to":[4,15,16.01],"light_emission":15,"faces":{"south":{"uv":[2,1,4,2],"texture":"#glow","cullface":"south"}}},{"from":[1,13,16.01],"to":[2,14,16.01],"light_emission":15,"faces":{"south":{"uv":[1,2,2,3],"texture":"#glow","cullface":"south"}}},{"from":[9,13,16.01],"to":[11,14,16.01],"light_emission":15,"faces":{"south":{"uv":[9,2,11,3],"texture":"#glow","cullface":"south"}}},{"from":[0,12,16.01],"to":[1,13,16.01],"light_emission":15,"faces":{"south":{"uv":[0,3,1,4],"texture":"#glow","cullface":"south"}}},{"from":[10,12,16.01],"to":[12,13,16.01],"light_emission":15,"faces":{"south":{"uv":[10,3,12,4],"texture":"#glow","cullface":"south"}}},{"from":[12,11,16.01],"to":[13,12,16.01],"light_emission":15,"faces":{"south":{"uv":[12,4,13,5],"texture":"#glow","cullface":"south"}}},{"from":[6,8,16.01],"to":[7,9,16.01],"light_emission":15,"faces":{"south":{"uv":[6,7,7,8],"texture":"#glow","cullface":"south"}}},{"from":[10,7,16.01],"to":[12,8,16.01],"light_emission":15,"faces":{"south":{"uv":[10,8,12,9],"texture":"#glow","cullface":"south"}}},{"from":[4,5,16.01],"to":[6,6,16.01],"light_emission":15,"faces":{"south":{"uv":[4,10,6,11],"texture":"#glow","cullface":"south"}}},{"from":[15,4,16.01],"to":[16,6,16.01],"light_emission":15,"faces":{"south":{"uv":[15,10,16,12],"texture":"#glow","cullface":"south"}}},{"from":[6,3,16.01],"to":[7,5,16.01],"light_emission":15,"faces":{"south":{"uv":[6,11,7,13],"texture":"#glow","cullface":"south"}}},{"from":[14,3,16.01],"to":[15,4,16.01],"light_emission":15,"faces":{"south":{"uv":[14,12,15,13],"texture":"#glow","cullface":"south"}}},{"from":[7,2,16.01],"to":[8,3,16.01],"light_emission":15,"faces":{"south":{"uv":[7,13,8,14],"texture":"#glow","cullface":"south"}}},{"from":[-0.01,14,2],"to":[-0.01,15,4],"light_emission":15,"faces":{"west":{"uv":[2,1,4,2],"texture":"#glow","cullface":"west"}}},{"from":[-0.01,13,1],"to":[-0.01,14,2],"light_emission":15,"faces":{"west":{"uv":[1,2,2,3],"texture":"#glow","cullface":"west"}}},{"from":[-0.01,13,9],"to":[-0.01,14,11],"light_emission":15,"faces":{"west":{"uv":[9,2,11,3],"texture":"#glow","cullface":"west"}}},{"from":[-0.01,12,0],"to":[-0.01,13,1],"light_emission":15,"faces":{"west":{"uv":[0,3,1,4],"texture":"#glow","cullface":"west"}}},{"from":[-0.01,12,10],"to":[-0.01,13,12],"light_emission":15,"faces":{"west":{"uv":[10,3,12,4],"texture":"#glow","cullface":"west"}}},{"from":[-0.01,11,12],"to":[-0.01,12,13],"light_emission":15,"faces":{"west":{"uv":[12,4,13,5],"texture":"#glow","cullface":"west"}}},{"from":[-0.01,8,6],"to":[-0.01,9,7],"light_emission":15,"faces":{"west":{"uv":[6,7,7,8],"texture":"#glow","cullface":"west"}}},{"from":[-0.01,7,10],"to":[-0.01,8,12],"light_emission":15,"faces":{"west":{"uv":[10,8,12,9],"texture":"#glow","cullface":"west"}}},{"from":[-0.01,5,4],"to":[-0.01,6,6],"light_emission":15,"faces":{"west":{"uv":[4,10,6,11],"texture":"#glow","cullface":"west"}}},{"from":[-0.01,4,15],"to":[-0.01,6,16],"light_emission":15,"faces":{"west":{"uv":[15,10,16,12],"texture":"#glow","cullface":"west"}}},{"from":[-0.01,3,6],"to":[-0.01,5,7],"light_emission":15,"faces":{"west":{"uv":[6,11,7,13],"texture":"#glow","cullface":"west"}}},{"from":[-0.01,3,14],"to":[-0.01,4,15],"light_emission":15,"faces":{"west":{"uv":[14,12,15,13],"texture":"#glow","cullface":"west"}}},{"from":[-0.01,2,7],"to":[-0.01,3,8],"light_emission":15,"faces":{"west":{"uv":[7,13,8,14],"texture":"#glow","cullface":"west"}}},{"from":[2,16.01,1],"to":[4,16.01,2],"light_emission":15,"faces":{"up":{"uv":[2,1,4,2],"texture":"#glow","cullface":"up"}}},{"from":[1,16.01,2],"to":[2,16.01,3],"light_emission":15,"faces":{"up":{"uv":[1,2,2,3],"texture":"#glow","cullface":"up"}}},{"from":[9,16.01,2],"to":[11,16.01,3],"light_emission":15,"faces":{"up":{"uv":[9,2,11,3],"texture":"#glow","cullface":"up"}}},{"from":[0,16.01,3],"to":[1,16.01,4],"light_emission":15,"faces":{"up":{"uv":[0,3,1,4],"texture":"#glow","cullface":"up"}}},{"from":[10,16.01,3],"to":[12,16.01,4],"light_emission":15,"faces":{"up":{"uv":[10,3,12,4],"texture":"#glow","cullface":"up"}}},{"from":[12,16.01,4],"to":[13,16.01,5],"light_emission":15,"faces":{"up":{"uv":[12,4,13,5],"texture":"#glow","cullface":"up"}}},{"from":[6,16.01,7],"to":[7,16.01,8],"light_emission":15,"faces":{"up":{"uv":[6,7,7,8],"texture":"#glow","cullface":"up"}}},{"from":[10,16.01,8],"to":[12,16.01,9],"light_emission":15,"faces":{"up":{"uv":[10,8,12,9],"texture":"#glow","cullface":"up"}}},{"from":[4,16.01,10],"to":[6,16.01,11],"light_emission":15,"faces":{"up":{"uv":[4,10,6,11],"texture":"#glow","cullface":"up"}}},{"from":[15,16.01,10],"to":[16,16.01,12],"light_emission":15,"faces":{"up":{"uv":[15,10,16,12],"texture":"#glow","cullface":"up"}}},{"from":[6,16.01,11],"to":[7,16.01,13],"light_emission":15,"faces":{"up":{"uv":[6,11,7,13],"texture":"#glow","cullface":"up"}}},{"from":[14,16.01,12],"to":[15,16.01,13],"light_emission":15,"faces":{"up":{"uv":[14,12,15,13],"texture":"#glow","cullface":"up"}}},{"from":[7,16.01,13],"to":[8,16.01,14],"light_emission":15,"faces":{"up":{"uv":[7,13,8,14],"texture":"#glow","cullface":"up"}}},{"from":[2,-0.01,14],"to":[4,-0.01,15],"light_emission":15,"faces":{"down":{"uv":[2,1,4,2],"texture":"#glow","cullface":"down"}}},{"from":[1,-0.01,13],"to":[2,-0.01,14],"light_emission":15,"faces":{"down":{"uv":[1,2,2,3],"texture":"#glow","cullface":"down"}}},{"from":[9,-0.01,13],"to":[11,-0.01,14],"light_emission":15,"faces":{"down":{"uv":[9,2,11,3],"texture":"#glow","cullface":"down"}}},{"from":[0,-0.01,12],"to":[1,-0.01,13],"light_emission":15,"faces":{"down":{"uv":[0,3,1,4],"texture":"#glow","cullface":"down"}}},{"from":[10,-0.01,12],"to":[12,-0.01,13],"light_emission":15,"faces":{"down":{"uv":[10,3,12,4],"texture":"#glow","cullface":"down"}}},{"from":[12,-0.01,11],"to":[13,-0.01,12],"light_emission":15,"faces":{"down":{"uv":[12,4,13,5],"texture":"#glow","cullface":"down"}}},{"from":[6,-0.01,8],"to":[7,-0.01,9],"light_emission":15,"faces":{"down":{"uv":[6,7,7,8],"texture":"#glow","cullface":"down"}}},{"from":[10,-0.01,7],"to":[12,-0.01,8],"light_emission":15,"faces":{"down":{"uv":[10,8,12,9],"texture":"#glow","cullface":"down"}}},{"from":[4,-0.01,5],"to":[6,-0.01,6],"light_emission":15,"faces":{"down":{"uv":[4,10,6,11],"texture":"#glow","cullface":"down"}}},{"from":[15,-0.01,4],"to":[16,-0.01,6],"light_emission":15,"faces":{"down":{"uv":[15,10,16,12],"texture":"#glow","cullface":"down"}}},{"from":[6,-0.01,3],"to":[7,-0.01,5],"light_emission":15,"faces":{"down":{"uv":[6,11,7,13],"texture":"#glow","cullface":"down"}}},{"from":[14,-0.01,3],"to":[15,-0.01,4],"light_emission":15,"faces":{"down":{"uv":[14,12,15,13],"texture":"#glow","cullface":"down"}}},{"from":[7,-0.01,2],"to":[8,-0.01,3],"light_emission":15,"faces":{"down":{"uv":[7,13,8,14],"texture":"#glow","cullface":"down"}}}]}