{"credit":"By Ewan Howell","parent":"block/block","textures":{"2":"block/redstone_ore_e","particle":"#base"},"elements":[{"from":[0,0,0],"to":[16,16,16],"faces":{"north":{"uv":[0,0,16,16],"texture":"#base","cullface":"north","tintindex":0},"east":{"uv":[0,0,16,16],"texture":"#base","cullface":"east","tintindex":0},"south":{"uv":[0,0,16,16],"texture":"#base","cullface":"south","tintindex":0},"west":{"uv":[0,0,16,16],"texture":"#base","cullface":"west","tintindex":0},"up":{"uv":[0,0,16,16],"texture":"#base","cullface":"up","tintindex":0},"down":{"uv":[0,0,16,16],"texture":"#base","cullface":"down","tintindex":0}}},{"from":[8,10,-0.01],"to":[11,13,-0.01],"light_emission":15,"faces":{"north":{"uv":[5,3,8,6],"texture":"#2","cullface":"north"}}},{"from":[11,11,-0.01],"to":[13,12,-0.01],"light_emission":15,"faces":{"north":{"uv":[3,4,5,5],"texture":"#2","cullface":"north"}}},{"from":[6,11,-0.01],"to":[8,12,-0.01],"light_emission":15,"faces":{"north":{"uv":[8,4,10,5],"texture":"#2","cullface":"north"}}},{"from":[11,10,-0.01],"to":[12,11,-0.01],"light_emission":15,"faces":{"north":{"uv":[4,5,5,6],"texture":"#2","cullface":"north"}}},{"from":[2,10,-0.01],"to":[4,11,-0.01],"light_emission":15,"faces":{"north":{"uv":[12,5,14,6],"texture":"#2","cullface":"north"}}},{"from":[13,6,-0.01],"to":[15,8,-0.01],"light_emission":15,"faces":{"north":{"uv":[1,8,3,10],"texture":"#2","cullface":"north"}}},{"from":[12,7,-0.01],"to":[13,8,-0.01],"light_emission":15,"faces":{"north":{"uv":[3,8,4,9],"texture":"#2","cullface":"north"}}},{"from":[1,7,-0.01],"to":[7,8,-0.01],"light_emission":15,"faces":{"north":{"uv":[9,8,15,9],"texture":"#2","cullface":"north"}}},{"from":[2,6,-0.01],"to":[5,7,-0.01],"light_emission":15,"faces":{"north":{"uv":[11,9,14,10],"texture":"#2","cullface":"north"}}},{"from":[8,3,-0.01],"to":[13,4,-0.01],"light_emission":15,"faces":{"north":{"uv":[3,12,8,13],"texture":"#2","cullface":"north"}}},{"from":[3,3,-0.01],"to":[5,4,-0.01],"light_emission":15,"faces":{"north":{"uv":[11,12,13,13],"texture":"#2","cullface":"north"}}},{"from":[10,2,-0.01],"to":[12,3,-0.01],"light_emission":15,"faces":{"north":{"uv":[4,13,6,14],"texture":"#2","cullface":"north"}}},{"from":[16.01,10,8],"to":[16.01,13,11],"light_emission":15,"faces":{"east":{"uv":[5,3,8,6],"texture":"#2","cullface":"east"}}},{"from":[16.01,11,11],"to":[16.01,12,13],"light_emission":15,"faces":{"east":{"uv":[3,4,5,5],"texture":"#2","cullface":"east"}}},{"from":[16.01,11,6],"to":[16.01,12,8],"light_emission":15,"faces":{"east":{"uv":[8,4,10,5],"texture":"#2","cullface":"east"}}},{"from":[16.01,10,11],"to":[16.01,11,12],"light_emission":15,"faces":{"east":{"uv":[4,5,5,6],"texture":"#2","cullface":"east"}}},{"from":[16.01,10,2],"to":[16.01,11,4],"light_emission":15,"faces":{"east":{"uv":[12,5,14,6],"texture":"#2","cullface":"east"}}},{"from":[16.01,6,13],"to":[16.01,8,15],"light_emission":15,"faces":{"east":{"uv":[1,8,3,10],"texture":"#2","cullface":"east"}}},{"from":[16.01,7,12],"to":[16.01,8,13],"light_emission":15,"faces":{"east":{"uv":[3,8,4,9],"texture":"#2","cullface":"east"}}},{"from":[16.01,7,1],"to":[16.01,8,7],"light_emission":15,"faces":{"east":{"uv":[9,8,15,9],"texture":"#2","cullface":"east"}}},{"from":[16.01,6,2],"to":[16.01,7,5],"light_emission":15,"faces":{"east":{"uv":[11,9,14,10],"texture":"#2","cullface":"east"}}},{"from":[16.01,3,8],"to":[16.01,4,13],"light_emission":15,"faces":{"east":{"uv":[3,12,8,13],"texture":"#2","cullface":"east"}}},{"from":[16.01,3,3],"to":[16.01,4,5],"light_emission":15,"faces":{"east":{"uv":[11,12,13,13],"texture":"#2","cullface":"east"}}},{"from":[16.01,2,10],"to":[16.01,3,12],"light_emission":15,"faces":{"east":{"uv":[4,13,6,14],"texture":"#2","cullface":"east"}}},{"from":[5,10,16.01],"to":[8,13,16.01],"light_emission":15,"faces":{"south":{"uv":[5,3,8,6],"texture":"#2","cullface":"south"}}},{"from":[3,11,16.01],"to":[5,12,16.01],"light_emission":15,"faces":{"south":{"uv":[3,4,5,5],"texture":"#2","cullface":"south"}}},{"from":[8,11,16.01],"to":[10,12,16.01],"light_emission":15,"faces":{"south":{"uv":[8,4,10,5],"texture":"#2","cullface":"south"}}},{"from":[4,10,16.01],"to":[5,11,16.01],"light_emission":15,"faces":{"south":{"uv":[4,5,5,6],"texture":"#2","cullface":"south"}}},{"from":[12,10,16.01],"to":[14,11,16.01],"light_emission":15,"faces":{"south":{"uv":[12,5,14,6],"texture":"#2","cullface":"south"}}},{"from":[1,6,16.01],"to":[3,8,16.01],"light_emission":15,"faces":{"south":{"uv":[1,8,3,10],"texture":"#2","cullface":"south"}}},{"from":[3,7,16.01],"to":[4,8,16.01],"light_emission":15,"faces":{"south":{"uv":[3,8,4,9],"texture":"#2","cullface":"south"}}},{"from":[9,7,16.01],"to":[15,8,16.01],"light_emission":15,"faces":{"south":{"uv":[9,8,15,9],"texture":"#2","cullface":"south"}}},{"from":[11,6,16.01],"to":[14,7,16.01],"light_emission":15,"faces":{"south":{"uv":[11,9,14,10],"texture":"#2","cullface":"south"}}},{"from":[3,3,16.01],"to":[8,4,16.01],"light_emission":15,"faces":{"south":{"uv":[3,12,8,13],"texture":"#2","cullface":"south"}}},{"from":[11,3,16.01],"to":[13,4,16.01],"light_emission":15,"faces":{"south":{"uv":[11,12,13,13],"texture":"#2","cullface":"south"}}},{"from":[4,2,16.01],"to":[6,3,16.01],"light_emission":15,"faces":{"south":{"uv":[4,13,6,14],"texture":"#2","cullface":"south"}}},{"from":[-0.01,10,5],"to":[-0.01,13,8],"light_emission":15,"faces":{"west":{"uv":[5,3,8,6],"texture":"#2","cullface":"west"}}},{"from":[-0.01,11,3],"to":[-0.01,12,5],"light_emission":15,"faces":{"west":{"uv":[3,4,5,5],"texture":"#2","cullface":"west"}}},{"from":[-0.01,11,8],"to":[-0.01,12,10],"light_emission":15,"faces":{"west":{"uv":[8,4,10,5],"texture":"#2","cullface":"west"}}},{"from":[-0.01,10,4],"to":[-0.01,11,5],"light_emission":15,"faces":{"west":{"uv":[4,5,5,6],"texture":"#2","cullface":"west"}}},{"from":[-0.01,10,12],"to":[-0.01,11,14],"light_emission":15,"faces":{"west":{"uv":[12,5,14,6],"texture":"#2","cullface":"west"}}},{"from":[-0.01,6,1],"to":[-0.01,8,3],"light_emission":15,"faces":{"west":{"uv":[1,8,3,10],"texture":"#2","cullface":"west"}}},{"from":[-0.01,7,3],"to":[-0.01,8,4],"light_emission":15,"faces":{"west":{"uv":[3,8,4,9],"texture":"#2","cullface":"west"}}},{"from":[-0.01,7,9],"to":[-0.01,8,15],"light_emission":15,"faces":{"west":{"uv":[9,8,15,9],"texture":"#2","cullface":"west"}}},{"from":[-0.01,6,11],"to":[-0.01,7,14],"light_emission":15,"faces":{"west":{"uv":[11,9,14,10],"texture":"#2","cullface":"west"}}},{"from":[-0.01,3,3],"to":[-0.01,4,8],"light_emission":15,"faces":{"west":{"uv":[3,12,8,13],"texture":"#2","cullface":"west"}}},{"from":[-0.01,3,11],"to":[-0.01,4,13],"light_emission":15,"faces":{"west":{"uv":[11,12,13,13],"texture":"#2","cullface":"west"}}},{"from":[-0.01,2,4],"to":[-0.01,3,6],"light_emission":15,"faces":{"west":{"uv":[4,13,6,14],"texture":"#2","cullface":"west"}}},{"from":[5,16.01,3],"to":[8,16.01,6],"light_emission":15,"faces":{"up":{"uv":[5,3,8,6],"texture":"#2","cullface":"up"}}},{"from":[3,16.01,4],"to":[5,16.01,5],"light_emission":15,"faces":{"up":{"uv":[3,4,5,5],"texture":"#2","cullface":"up"}}},{"from":[8,16.01,4],"to":[10,16.01,5],"light_emission":15,"faces":{"up":{"uv":[8,4,10,5],"texture":"#2","cullface":"up"}}},{"from":[4,16.01,5],"to":[5,16.01,6],"light_emission":15,"faces":{"up":{"uv":[4,5,5,6],"texture":"#2","cullface":"up"}}},{"from":[12,16.01,5],"to":[14,16.01,6],"light_emission":15,"faces":{"up":{"uv":[12,5,14,6],"texture":"#2","cullface":"up"}}},{"from":[1,16.01,8],"to":[3,16.01,10],"light_emission":15,"faces":{"up":{"uv":[1,8,3,10],"texture":"#2","cullface":"up"}}},{"from":[3,16.01,8],"to":[4,16.01,9],"light_emission":15,"faces":{"up":{"uv":[3,8,4,9],"texture":"#2","cullface":"up"}}},{"from":[9,16.01,8],"to":[15,16.01,9],"light_emission":15,"faces":{"up":{"uv":[9,8,15,9],"texture":"#2","cullface":"up"}}},{"from":[11,16.01,9],"to":[14,16.01,10],"light_emission":15,"faces":{"up":{"uv":[11,9,14,10],"texture":"#2","cullface":"up"}}},{"from":[3,16.01,12],"to":[8,16.01,13],"light_emission":15,"faces":{"up":{"uv":[3,12,8,13],"texture":"#2","cullface":"up"}}},{"from":[11,16.01,12],"to":[13,16.01,13],"light_emission":15,"faces":{"up":{"uv":[11,12,13,13],"texture":"#2","cullface":"up"}}},{"from":[4,16.01,13],"to":[6,16.01,14],"light_emission":15,"faces":{"up":{"uv":[4,13,6,14],"texture":"#2","cullface":"up"}}},{"from":[5,-0.01,10],"to":[8,-0.01,13],"light_emission":15,"faces":{"down":{"uv":[5,3,8,6],"texture":"#2","cullface":"down"}}},{"from":[3,-0.01,11],"to":[5,-0.01,12],"light_emission":15,"faces":{"down":{"uv":[3,4,5,5],"texture":"#2","cullface":"down"}}},{"from":[8,-0.01,11],"to":[10,-0.01,12],"light_emission":15,"faces":{"down":{"uv":[8,4,10,5],"texture":"#2","cullface":"down"}}},{"from":[4,-0.01,10],"to":[5,-0.01,11],"light_emission":15,"faces":{"down":{"uv":[4,5,5,6],"texture":"#2","cullface":"down"}}},{"from":[12,-0.01,10],"to":[14,-0.01,11],"light_emission":15,"faces":{"down":{"uv":[12,5,14,6],"texture":"#2","cullface":"down"}}},{"from":[1,-0.01,6],"to":[3,-0.01,8],"light_emission":15,"faces":{"down":{"uv":[1,8,3,10],"texture":"#2","cullface":"down"}}},{"from":[3,-0.01,7],"to":[4,-0.01,8],"light_emission":15,"faces":{"down":{"uv":[3,8,4,9],"texture":"#2","cullface":"down"}}},{"from":[9,-0.01,7],"to":[15,-0.01,8],"light_emission":15,"faces":{"down":{"uv":[9,8,15,9],"texture":"#2","cullface":"down"}}},{"from":[11,-0.01,6],"to":[14,-0.01,7],"light_emission":15,"faces":{"down":{"uv":[11,9,14,10],"texture":"#2","cullface":"down"}}},{"from":[3,-0.01,3],"to":[8,-0.01,4],"light_emission":15,"faces":{"down":{"uv":[3,12,8,13],"texture":"#2","cullface":"down"}}},{"from":[11,-0.01,3],"to":[13,-0.01,4],"light_emission":15,"faces":{"down":{"uv":[11,12,13,13],"texture":"#2","cullface":"down"}}},{"from":[4,-0.01,2],"to":[6,-0.01,3],"light_emission":15,"faces":{"down":{"uv":[4,13,6,14],"texture":"#2","cullface":"down"}}}]}