{"credit":"By Ewan Howell","parent":"block/block","textures":{"glow":"block/nether_gold_ore_e","particle":"#base"},"elements":[{"from":[0,0,0],"to":[16,16,16],"faces":{"north":{"uv":[0,0,16,16],"texture":"#base","cullface":"north","tintindex":0},"east":{"uv":[0,0,16,16],"texture":"#base","cullface":"east","tintindex":0},"south":{"uv":[0,0,16,16],"texture":"#base","cullface":"south","tintindex":0},"west":{"uv":[0,0,16,16],"texture":"#base","cullface":"west","tintindex":0},"up":{"uv":[0,0,16,16],"texture":"#base","cullface":"up","tintindex":0},"down":{"uv":[0,0,16,16],"texture":"#base","cullface":"down","tintindex":0}}},{"from":[10,12,-0.01],"to":[12,14,-0.01],"light_emission":15,"faces":{"north":{"uv":[4,2,6,4],"texture":"#glow","cullface":"north"}}},{"from":[5,12,-0.01],"to":[6,14,-0.01],"light_emission":15,"faces":{"north":{"uv":[10,2,11,4],"texture":"#glow","cullface":"north"}}},{"from":[12,11,-0.01],"to":[13,13,-0.01],"light_emission":15,"faces":{"north":{"uv":[3,3,4,5],"texture":"#glow","cullface":"north"}}},{"from":[4,12,-0.01],"to":[5,13,-0.01],"light_emission":15,"faces":{"north":{"uv":[11,3,12,4],"texture":"#glow","cullface":"north"}}},{"from":[11,10,-0.01],"to":[12,12,-0.01],"light_emission":15,"faces":{"north":{"uv":[4,4,5,6],"texture":"#glow","cullface":"north"}}},{"from":[4,8,-0.01],"to":[5,11,-0.01],"light_emission":15,"faces":{"north":{"uv":[11,5,12,8],"texture":"#glow","cullface":"north"}}},{"from":[3,8,-0.01],"to":[4,10,-0.01],"light_emission":15,"faces":{"north":{"uv":[12,6,13,8],"texture":"#glow","cullface":"north"}}},{"from":[6,8,-0.01],"to":[8,9,-0.01],"light_emission":15,"faces":{"north":{"uv":[8,7,10,8],"texture":"#glow","cullface":"north"}}},{"from":[8,7,-0.01],"to":[9,8,-0.01],"light_emission":15,"faces":{"north":{"uv":[7,8,8,9],"texture":"#glow","cullface":"north"}}},{"from":[11,6,-0.01],"to":[13,7,-0.01],"light_emission":15,"faces":{"north":{"uv":[3,9,5,10],"texture":"#glow","cullface":"north"}}},{"from":[11,5,-0.01],"to":[12,6,-0.01],"light_emission":15,"faces":{"north":{"uv":[4,10,5,11],"texture":"#glow","cullface":"north"}}},{"from":[2,4,-0.01],"to":[3,6,-0.01],"light_emission":15,"faces":{"north":{"uv":[13,10,14,12],"texture":"#glow","cullface":"north"}}},{"from":[14,4,-0.01],"to":[15,5,-0.01],"light_emission":15,"faces":{"north":{"uv":[1,11,2,12],"texture":"#glow","cullface":"north"}}},{"from":[8,2,-0.01],"to":[9,5,-0.01],"light_emission":15,"faces":{"north":{"uv":[7,11,8,14],"texture":"#glow","cullface":"north"}}},{"from":[3,4,-0.01],"to":[4,5,-0.01],"light_emission":15,"faces":{"north":{"uv":[12,11,13,12],"texture":"#glow","cullface":"north"}}},{"from":[7,2,-0.01],"to":[8,4,-0.01],"light_emission":15,"faces":{"north":{"uv":[8,12,9,14],"texture":"#glow","cullface":"north"}}},{"from":[6,1,-0.01],"to":[7,3,-0.01],"light_emission":15,"faces":{"north":{"uv":[9,13,10,15],"texture":"#glow","cullface":"north"}}},{"from":[16.01,12,10],"to":[16.01,14,12],"light_emission":15,"faces":{"east":{"uv":[4,2,6,4],"texture":"#glow","cullface":"east"}}},{"from":[16.01,12,5],"to":[16.01,14,6],"light_emission":15,"faces":{"east":{"uv":[10,2,11,4],"texture":"#glow","cullface":"east"}}},{"from":[16.01,11,12],"to":[16.01,13,13],"light_emission":15,"faces":{"east":{"uv":[3,3,4,5],"texture":"#glow","cullface":"east"}}},{"from":[16.01,12,4],"to":[16.01,13,5],"light_emission":15,"faces":{"east":{"uv":[11,3,12,4],"texture":"#glow","cullface":"east"}}},{"from":[16.01,10,11],"to":[16.01,12,12],"light_emission":15,"faces":{"east":{"uv":[4,4,5,6],"texture":"#glow","cullface":"east"}}},{"from":[16.01,8,4],"to":[16.01,11,5],"light_emission":15,"faces":{"east":{"uv":[11,5,12,8],"texture":"#glow","cullface":"east"}}},{"from":[16.01,8,3],"to":[16.01,10,4],"light_emission":15,"faces":{"east":{"uv":[12,6,13,8],"texture":"#glow","cullface":"east"}}},{"from":[16.01,8,6],"to":[16.01,9,8],"light_emission":15,"faces":{"east":{"uv":[8,7,10,8],"texture":"#glow","cullface":"east"}}},{"from":[16.01,7,8],"to":[16.01,8,9],"light_emission":15,"faces":{"east":{"uv":[7,8,8,9],"texture":"#glow","cullface":"east"}}},{"from":[16.01,6,11],"to":[16.01,7,13],"light_emission":15,"faces":{"east":{"uv":[3,9,5,10],"texture":"#glow","cullface":"east"}}},{"from":[16.01,5,11],"to":[16.01,6,12],"light_emission":15,"faces":{"east":{"uv":[4,10,5,11],"texture":"#glow","cullface":"east"}}},{"from":[16.01,4,2],"to":[16.01,6,3],"light_emission":15,"faces":{"east":{"uv":[13,10,14,12],"texture":"#glow","cullface":"east"}}},{"from":[16.01,4,14],"to":[16.01,5,15],"light_emission":15,"faces":{"east":{"uv":[1,11,2,12],"texture":"#glow","cullface":"east"}}},{"from":[16.01,2,8],"to":[16.01,5,9],"light_emission":15,"faces":{"east":{"uv":[7,11,8,14],"texture":"#glow","cullface":"east"}}},{"from":[16.01,4,3],"to":[16.01,5,4],"light_emission":15,"faces":{"east":{"uv":[12,11,13,12],"texture":"#glow","cullface":"east"}}},{"from":[16.01,2,7],"to":[16.01,4,8],"light_emission":15,"faces":{"east":{"uv":[8,12,9,14],"texture":"#glow","cullface":"east"}}},{"from":[16.01,1,6],"to":[16.01,3,7],"light_emission":15,"faces":{"east":{"uv":[9,13,10,15],"texture":"#glow","cullface":"east"}}},{"from":[4,12,16.01],"to":[6,14,16.01],"light_emission":15,"faces":{"south":{"uv":[4,2,6,4],"texture":"#glow","cullface":"south"}}},{"from":[10,12,16.01],"to":[11,14,16.01],"light_emission":15,"faces":{"south":{"uv":[10,2,11,4],"texture":"#glow","cullface":"south"}}},{"from":[3,11,16.01],"to":[4,13,16.01],"light_emission":15,"faces":{"south":{"uv":[3,3,4,5],"texture":"#glow","cullface":"south"}}},{"from":[11,12,16.01],"to":[12,13,16.01],"light_emission":15,"faces":{"south":{"uv":[11,3,12,4],"texture":"#glow","cullface":"south"}}},{"from":[4,10,16.01],"to":[5,12,16.01],"light_emission":15,"faces":{"south":{"uv":[4,4,5,6],"texture":"#glow","cullface":"south"}}},{"from":[11,8,16.01],"to":[12,11,16.01],"light_emission":15,"faces":{"south":{"uv":[11,5,12,8],"texture":"#glow","cullface":"south"}}},{"from":[12,8,16.01],"to":[13,10,16.01],"light_emission":15,"faces":{"south":{"uv":[12,6,13,8],"texture":"#glow","cullface":"south"}}},{"from":[8,8,16.01],"to":[10,9,16.01],"light_emission":15,"faces":{"south":{"uv":[8,7,10,8],"texture":"#glow","cullface":"south"}}},{"from":[7,7,16.01],"to":[8,8,16.01],"light_emission":15,"faces":{"south":{"uv":[7,8,8,9],"texture":"#glow","cullface":"south"}}},{"from":[3,6,16.01],"to":[5,7,16.01],"light_emission":15,"faces":{"south":{"uv":[3,9,5,10],"texture":"#glow","cullface":"south"}}},{"from":[4,5,16.01],"to":[5,6,16.01],"light_emission":15,"faces":{"south":{"uv":[4,10,5,11],"texture":"#glow","cullface":"south"}}},{"from":[13,4,16.01],"to":[14,6,16.01],"light_emission":15,"faces":{"south":{"uv":[13,10,14,12],"texture":"#glow","cullface":"south"}}},{"from":[1,4,16.01],"to":[2,5,16.01],"light_emission":15,"faces":{"south":{"uv":[1,11,2,12],"texture":"#glow","cullface":"south"}}},{"from":[7,2,16.01],"to":[8,5,16.01],"light_emission":15,"faces":{"south":{"uv":[7,11,8,14],"texture":"#glow","cullface":"south"}}},{"from":[12,4,16.01],"to":[13,5,16.01],"light_emission":15,"faces":{"south":{"uv":[12,11,13,12],"texture":"#glow","cullface":"south"}}},{"from":[8,2,16.01],"to":[9,4,16.01],"light_emission":15,"faces":{"south":{"uv":[8,12,9,14],"texture":"#glow","cullface":"south"}}},{"from":[9,1,16.01],"to":[10,3,16.01],"light_emission":15,"faces":{"south":{"uv":[9,13,10,15],"texture":"#glow","cullface":"south"}}},{"from":[-0.01,12,4],"to":[-0.01,14,6],"light_emission":15,"faces":{"west":{"uv":[4,2,6,4],"texture":"#glow","cullface":"west"}}},{"from":[-0.01,12,10],"to":[-0.01,14,11],"light_emission":15,"faces":{"west":{"uv":[10,2,11,4],"texture":"#glow","cullface":"west"}}},{"from":[-0.01,11,3],"to":[-0.01,13,4],"light_emission":15,"faces":{"west":{"uv":[3,3,4,5],"texture":"#glow","cullface":"west"}}},{"from":[-0.01,12,11],"to":[-0.01,13,12],"light_emission":15,"faces":{"west":{"uv":[11,3,12,4],"texture":"#glow","cullface":"west"}}},{"from":[-0.01,10,4],"to":[-0.01,12,5],"light_emission":15,"faces":{"west":{"uv":[4,4,5,6],"texture":"#glow","cullface":"west"}}},{"from":[-0.01,8,11],"to":[-0.01,11,12],"light_emission":15,"faces":{"west":{"uv":[11,5,12,8],"texture":"#glow","cullface":"west"}}},{"from":[-0.01,8,12],"to":[-0.01,10,13],"light_emission":15,"faces":{"west":{"uv":[12,6,13,8],"texture":"#glow","cullface":"west"}}},{"from":[-0.01,8,8],"to":[-0.01,9,10],"light_emission":15,"faces":{"west":{"uv":[8,7,10,8],"texture":"#glow","cullface":"west"}}},{"from":[-0.01,7,7],"to":[-0.01,8,8],"light_emission":15,"faces":{"west":{"uv":[7,8,8,9],"texture":"#glow","cullface":"west"}}},{"from":[-0.01,6,3],"to":[-0.01,7,5],"light_emission":15,"faces":{"west":{"uv":[3,9,5,10],"texture":"#glow","cullface":"west"}}},{"from":[-0.01,5,4],"to":[-0.01,6,5],"light_emission":15,"faces":{"west":{"uv":[4,10,5,11],"texture":"#glow","cullface":"west"}}},{"from":[-0.01,4,13],"to":[-0.01,6,14],"light_emission":15,"faces":{"west":{"uv":[13,10,14,12],"texture":"#glow","cullface":"west"}}},{"from":[-0.01,4,1],"to":[-0.01,5,2],"light_emission":15,"faces":{"west":{"uv":[1,11,2,12],"texture":"#glow","cullface":"west"}}},{"from":[-0.01,2,7],"to":[-0.01,5,8],"light_emission":15,"faces":{"west":{"uv":[7,11,8,14],"texture":"#glow","cullface":"west"}}},{"from":[-0.01,4,12],"to":[-0.01,5,13],"light_emission":15,"faces":{"west":{"uv":[12,11,13,12],"texture":"#glow","cullface":"west"}}},{"from":[-0.01,2,8],"to":[-0.01,4,9],"light_emission":15,"faces":{"west":{"uv":[8,12,9,14],"texture":"#glow","cullface":"west"}}},{"from":[-0.01,1,9],"to":[-0.01,3,10],"light_emission":15,"faces":{"west":{"uv":[9,13,10,15],"texture":"#glow","cullface":"west"}}},{"from":[4,16.01,2],"to":[6,16.01,4],"light_emission":15,"faces":{"up":{"uv":[4,2,6,4],"texture":"#glow","cullface":"up"}}},{"from":[10,16.01,2],"to":[11,16.01,4],"light_emission":15,"faces":{"up":{"uv":[10,2,11,4],"texture":"#glow","cullface":"up"}}},{"from":[3,16.01,3],"to":[4,16.01,5],"light_emission":15,"faces":{"up":{"uv":[3,3,4,5],"texture":"#glow","cullface":"up"}}},{"from":[11,16.01,3],"to":[12,16.01,4],"light_emission":15,"faces":{"up":{"uv":[11,3,12,4],"texture":"#glow","cullface":"up"}}},{"from":[4,16.01,4],"to":[5,16.01,6],"light_emission":15,"faces":{"up":{"uv":[4,4,5,6],"texture":"#glow","cullface":"up"}}},{"from":[11,16.01,5],"to":[12,16.01,8],"light_emission":15,"faces":{"up":{"uv":[11,5,12,8],"texture":"#glow","cullface":"up"}}},{"from":[12,16.01,6],"to":[13,16.01,8],"light_emission":15,"faces":{"up":{"uv":[12,6,13,8],"texture":"#glow","cullface":"up"}}},{"from":[8,16.01,7],"to":[10,16.01,8],"light_emission":15,"faces":{"up":{"uv":[8,7,10,8],"texture":"#glow","cullface":"up"}}},{"from":[7,16.01,8],"to":[8,16.01,9],"light_emission":15,"faces":{"up":{"uv":[7,8,8,9],"texture":"#glow","cullface":"up"}}},{"from":[3,16.01,9],"to":[5,16.01,10],"light_emission":15,"faces":{"up":{"uv":[3,9,5,10],"texture":"#glow","cullface":"up"}}},{"from":[4,16.01,10],"to":[5,16.01,11],"light_emission":15,"faces":{"up":{"uv":[4,10,5,11],"texture":"#glow","cullface":"up"}}},{"from":[13,16.01,10],"to":[14,16.01,12],"light_emission":15,"faces":{"up":{"uv":[13,10,14,12],"texture":"#glow","cullface":"up"}}},{"from":[1,16.01,11],"to":[2,16.01,12],"light_emission":15,"faces":{"up":{"uv":[1,11,2,12],"texture":"#glow","cullface":"up"}}},{"from":[7,16.01,11],"to":[8,16.01,14],"light_emission":15,"faces":{"up":{"uv":[7,11,8,14],"texture":"#glow","cullface":"up"}}},{"from":[12,16.01,11],"to":[13,16.01,12],"light_emission":15,"faces":{"up":{"uv":[12,11,13,12],"texture":"#glow","cullface":"up"}}},{"from":[8,16.01,12],"to":[9,16.01,14],"light_emission":15,"faces":{"up":{"uv":[8,12,9,14],"texture":"#glow","cullface":"up"}}},{"from":[9,16.01,13],"to":[10,16.01,15],"light_emission":15,"faces":{"up":{"uv":[9,13,10,15],"texture":"#glow","cullface":"up"}}},{"from":[4,-0.01,12],"to":[6,-0.01,14],"light_emission":15,"faces":{"down":{"uv":[4,2,6,4],"texture":"#glow","cullface":"down"}}},{"from":[10,-0.01,12],"to":[11,-0.01,14],"light_emission":15,"faces":{"down":{"uv":[10,2,11,4],"texture":"#glow","cullface":"down"}}},{"from":[3,-0.01,11],"to":[4,-0.01,13],"light_emission":15,"faces":{"down":{"uv":[3,3,4,5],"texture":"#glow","cullface":"down"}}},{"from":[11,-0.01,12],"to":[12,-0.01,13],"light_emission":15,"faces":{"down":{"uv":[11,3,12,4],"texture":"#glow","cullface":"down"}}},{"from":[4,-0.01,10],"to":[5,-0.01,12],"light_emission":15,"faces":{"down":{"uv":[4,4,5,6],"texture":"#glow","cullface":"down"}}},{"from":[11,-0.01,8],"to":[12,-0.01,11],"light_emission":15,"faces":{"down":{"uv":[11,5,12,8],"texture":"#glow","cullface":"down"}}},{"from":[12,-0.01,8],"to":[13,-0.01,10],"light_emission":15,"faces":{"down":{"uv":[12,6,13,8],"texture":"#glow","cullface":"down"}}},{"from":[8,-0.01,8],"to":[10,-0.01,9],"light_emission":15,"faces":{"down":{"uv":[8,7,10,8],"texture":"#glow","cullface":"down"}}},{"from":[7,-0.01,7],"to":[8,-0.01,8],"light_emission":15,"faces":{"down":{"uv":[7,8,8,9],"texture":"#glow","cullface":"down"}}},{"from":[3,-0.01,6],"to":[5,-0.01,7],"light_emission":15,"faces":{"down":{"uv":[3,9,5,10],"texture":"#glow","cullface":"down"}}},{"from":[4,-0.01,5],"to":[5,-0.01,6],"light_emission":15,"faces":{"down":{"uv":[4,10,5,11],"texture":"#glow","cullface":"down"}}},{"from":[13,-0.01,4],"to":[14,-0.01,6],"light_emission":15,"faces":{"down":{"uv":[13,10,14,12],"texture":"#glow","cullface":"down"}}},{"from":[1,-0.01,4],"to":[2,-0.01,5],"light_emission":15,"faces":{"down":{"uv":[1,11,2,12],"texture":"#glow","cullface":"down"}}},{"from":[7,-0.01,2],"to":[8,-0.01,5],"light_emission":15,"faces":{"down":{"uv":[7,11,8,14],"texture":"#glow","cullface":"down"}}},{"from":[12,-0.01,4],"to":[13,-0.01,5],"light_emission":15,"faces":{"down":{"uv":[12,11,13,12],"texture":"#glow","cullface":"down"}}},{"from":[8,-0.01,2],"to":[9,-0.01,4],"light_emission":15,"faces":{"down":{"uv":[8,12,9,14],"texture":"#glow","cullface":"down"}}},{"from":[9,-0.01,1],"to":[10,-0.01,3],"light_emission":15,"faces":{"down":{"uv":[9,13,10,15],"texture":"#glow","cullface":"down"}}}]}