{"credit":"By Ewan Howell","parent":"block/block","textures":{"glow":"block/nether_quartz_ore_e","particle":"#base"},"elements":[{"from":[0,0,0],"to":[16,16,16],"faces":{"north":{"uv":[0,0,16,16],"texture":"#base","cullface":"north","tintindex":0},"east":{"uv":[0,0,16,16],"texture":"#base","cullface":"east","tintindex":0},"south":{"uv":[0,0,16,16],"texture":"#base","cullface":"south","tintindex":0},"west":{"uv":[0,0,16,16],"texture":"#base","cullface":"west","tintindex":0},"up":{"uv":[0,0,16,16],"texture":"#base","cullface":"up","tintindex":0},"down":{"uv":[0,0,16,16],"texture":"#base","cullface":"down","tintindex":0}}},{"from":[6,13,-0.01],"to":[8,14,-0.01],"light_emission":15,"faces":{"north":{"uv":[8,2,10,3],"texture":"#glow","cullface":"north"}}},{"from":[8,12,-0.01],"to":[11,13,-0.01],"light_emission":15,"faces":{"north":{"uv":[5,3,8,4],"texture":"#glow","cullface":"north"}}},{"from":[10,10,-0.01],"to":[12,12,-0.01],"light_emission":15,"faces":{"north":{"uv":[4,4,6,6],"texture":"#glow","cullface":"north"}}},{"from":[6,9,-0.01],"to":[7,11,-0.01],"light_emission":15,"faces":{"north":{"uv":[9,5,10,7],"texture":"#glow","cullface":"north"}}},{"from":[4,10,-0.01],"to":[5,11,-0.01],"light_emission":15,"faces":{"north":{"uv":[11,5,12,6],"texture":"#glow","cullface":"north"}}},{"from":[11,9,-0.01],"to":[12,10,-0.01],"light_emission":15,"faces":{"north":{"uv":[4,6,5,7],"texture":"#glow","cullface":"north"}}},{"from":[7,9,-0.01],"to":[10,10,-0.01],"light_emission":15,"faces":{"north":{"uv":[6,6,9,7],"texture":"#glow","cullface":"north"}}},{"from":[5,9,-0.01],"to":[6,10,-0.01],"light_emission":15,"faces":{"north":{"uv":[10,6,11,7],"texture":"#glow","cullface":"north"}}},{"from":[9,8,-0.01],"to":[10,9,-0.01],"light_emission":15,"faces":{"north":{"uv":[6,7,7,8],"texture":"#glow","cullface":"north"}}},{"from":[7,8,-0.01],"to":[8,9,-0.01],"light_emission":15,"faces":{"north":{"uv":[8,7,9,8],"texture":"#glow","cullface":"north"}}},{"from":[1,8,-0.01],"to":[3,9,-0.01],"light_emission":15,"faces":{"north":{"uv":[13,7,15,8],"texture":"#glow","cullface":"north"}}},{"from":[10,5,-0.01],"to":[12,8,-0.01],"light_emission":15,"faces":{"north":{"uv":[4,8,6,11],"texture":"#glow","cullface":"north"}}},{"from":[2,6,-0.01],"to":[4,8,-0.01],"light_emission":15,"faces":{"north":{"uv":[12,8,14,10],"texture":"#glow","cullface":"north"}}},{"from":[1,6,-0.01],"to":[2,7,-0.01],"light_emission":15,"faces":{"north":{"uv":[14,9,15,10],"texture":"#glow","cullface":"north"}}},{"from":[12,5,-0.01],"to":[13,6,-0.01],"light_emission":15,"faces":{"north":{"uv":[3,10,4,11],"texture":"#glow","cullface":"north"}}},{"from":[3,5,-0.01],"to":[4,6,-0.01],"light_emission":15,"faces":{"north":{"uv":[12,10,13,11],"texture":"#glow","cullface":"north"}}},{"from":[11,4,-0.01],"to":[12,5,-0.01],"light_emission":15,"faces":{"north":{"uv":[4,11,5,12],"texture":"#glow","cullface":"north"}}},{"from":[6,3,-0.01],"to":[7,5,-0.01],"light_emission":15,"faces":{"north":{"uv":[9,11,10,13],"texture":"#glow","cullface":"north"}}},{"from":[7,3,-0.01],"to":[9,4,-0.01],"light_emission":15,"faces":{"north":{"uv":[7,12,9,13],"texture":"#glow","cullface":"north"}}},{"from":[2,3,-0.01],"to":[3,4,-0.01],"light_emission":15,"faces":{"north":{"uv":[13,12,14,13],"texture":"#glow","cullface":"north"}}},{"from":[7,2,-0.01],"to":[8,3,-0.01],"light_emission":15,"faces":{"north":{"uv":[8,13,9,14],"texture":"#glow","cullface":"north"}}},{"from":[3,2,-0.01],"to":[4,3,-0.01],"light_emission":15,"faces":{"north":{"uv":[12,13,13,14],"texture":"#glow","cullface":"north"}}},{"from":[16.01,13,6],"to":[16.01,14,8],"light_emission":15,"faces":{"east":{"uv":[8,2,10,3],"texture":"#glow","cullface":"east"}}},{"from":[16.01,12,8],"to":[16.01,13,11],"light_emission":15,"faces":{"east":{"uv":[5,3,8,4],"texture":"#glow","cullface":"east"}}},{"from":[16.01,10,10],"to":[16.01,12,12],"light_emission":15,"faces":{"east":{"uv":[4,4,6,6],"texture":"#glow","cullface":"east"}}},{"from":[16.01,9,6],"to":[16.01,11,7],"light_emission":15,"faces":{"east":{"uv":[9,5,10,7],"texture":"#glow","cullface":"east"}}},{"from":[16.01,10,4],"to":[16.01,11,5],"light_emission":15,"faces":{"east":{"uv":[11,5,12,6],"texture":"#glow","cullface":"east"}}},{"from":[16.01,9,11],"to":[16.01,10,12],"light_emission":15,"faces":{"east":{"uv":[4,6,5,7],"texture":"#glow","cullface":"east"}}},{"from":[16.01,9,7],"to":[16.01,10,10],"light_emission":15,"faces":{"east":{"uv":[6,6,9,7],"texture":"#glow","cullface":"east"}}},{"from":[16.01,9,5],"to":[16.01,10,6],"light_emission":15,"faces":{"east":{"uv":[10,6,11,7],"texture":"#glow","cullface":"east"}}},{"from":[16.01,8,9],"to":[16.01,9,10],"light_emission":15,"faces":{"east":{"uv":[6,7,7,8],"texture":"#glow","cullface":"east"}}},{"from":[16.01,8,7],"to":[16.01,9,8],"light_emission":15,"faces":{"east":{"uv":[8,7,9,8],"texture":"#glow","cullface":"east"}}},{"from":[16.01,8,1],"to":[16.01,9,3],"light_emission":15,"faces":{"east":{"uv":[13,7,15,8],"texture":"#glow","cullface":"east"}}},{"from":[16.01,5,10],"to":[16.01,8,12],"light_emission":15,"faces":{"east":{"uv":[4,8,6,11],"texture":"#glow","cullface":"east"}}},{"from":[16.01,6,2],"to":[16.01,8,4],"light_emission":15,"faces":{"east":{"uv":[12,8,14,10],"texture":"#glow","cullface":"east"}}},{"from":[16.01,6,1],"to":[16.01,7,2],"light_emission":15,"faces":{"east":{"uv":[14,9,15,10],"texture":"#glow","cullface":"east"}}},{"from":[16.01,5,12],"to":[16.01,6,13],"light_emission":15,"faces":{"east":{"uv":[3,10,4,11],"texture":"#glow","cullface":"east"}}},{"from":[16.01,5,3],"to":[16.01,6,4],"light_emission":15,"faces":{"east":{"uv":[12,10,13,11],"texture":"#glow","cullface":"east"}}},{"from":[16.01,4,11],"to":[16.01,5,12],"light_emission":15,"faces":{"east":{"uv":[4,11,5,12],"texture":"#glow","cullface":"east"}}},{"from":[16.01,3,6],"to":[16.01,5,7],"light_emission":15,"faces":{"east":{"uv":[9,11,10,13],"texture":"#glow","cullface":"east"}}},{"from":[16.01,3,7],"to":[16.01,4,9],"light_emission":15,"faces":{"east":{"uv":[7,12,9,13],"texture":"#glow","cullface":"east"}}},{"from":[16.01,3,2],"to":[16.01,4,3],"light_emission":15,"faces":{"east":{"uv":[13,12,14,13],"texture":"#glow","cullface":"east"}}},{"from":[16.01,2,7],"to":[16.01,3,8],"light_emission":15,"faces":{"east":{"uv":[8,13,9,14],"texture":"#glow","cullface":"east"}}},{"from":[16.01,2,3],"to":[16.01,3,4],"light_emission":15,"faces":{"east":{"uv":[12,13,13,14],"texture":"#glow","cullface":"east"}}},{"from":[8,13,16.01],"to":[10,14,16.01],"light_emission":15,"faces":{"south":{"uv":[8,2,10,3],"texture":"#glow","cullface":"south"}}},{"from":[5,12,16.01],"to":[8,13,16.01],"light_emission":15,"faces":{"south":{"uv":[5,3,8,4],"texture":"#glow","cullface":"south"}}},{"from":[4,10,16.01],"to":[6,12,16.01],"light_emission":15,"faces":{"south":{"uv":[4,4,6,6],"texture":"#glow","cullface":"south"}}},{"from":[9,9,16.01],"to":[10,11,16.01],"light_emission":15,"faces":{"south":{"uv":[9,5,10,7],"texture":"#glow","cullface":"south"}}},{"from":[11,10,16.01],"to":[12,11,16.01],"light_emission":15,"faces":{"south":{"uv":[11,5,12,6],"texture":"#glow","cullface":"south"}}},{"from":[4,9,16.01],"to":[5,10,16.01],"light_emission":15,"faces":{"south":{"uv":[4,6,5,7],"texture":"#glow","cullface":"south"}}},{"from":[6,9,16.01],"to":[9,10,16.01],"light_emission":15,"faces":{"south":{"uv":[6,6,9,7],"texture":"#glow","cullface":"south"}}},{"from":[10,9,16.01],"to":[11,10,16.01],"light_emission":15,"faces":{"south":{"uv":[10,6,11,7],"texture":"#glow","cullface":"south"}}},{"from":[6,8,16.01],"to":[7,9,16.01],"light_emission":15,"faces":{"south":{"uv":[6,7,7,8],"texture":"#glow","cullface":"south"}}},{"from":[8,8,16.01],"to":[9,9,16.01],"light_emission":15,"faces":{"south":{"uv":[8,7,9,8],"texture":"#glow","cullface":"south"}}},{"from":[13,8,16.01],"to":[15,9,16.01],"light_emission":15,"faces":{"south":{"uv":[13,7,15,8],"texture":"#glow","cullface":"south"}}},{"from":[4,5,16.01],"to":[6,8,16.01],"light_emission":15,"faces":{"south":{"uv":[4,8,6,11],"texture":"#glow","cullface":"south"}}},{"from":[12,6,16.01],"to":[14,8,16.01],"light_emission":15,"faces":{"south":{"uv":[12,8,14,10],"texture":"#glow","cullface":"south"}}},{"from":[14,6,16.01],"to":[15,7,16.01],"light_emission":15,"faces":{"south":{"uv":[14,9,15,10],"texture":"#glow","cullface":"south"}}},{"from":[3,5,16.01],"to":[4,6,16.01],"light_emission":15,"faces":{"south":{"uv":[3,10,4,11],"texture":"#glow","cullface":"south"}}},{"from":[12,5,16.01],"to":[13,6,16.01],"light_emission":15,"faces":{"south":{"uv":[12,10,13,11],"texture":"#glow","cullface":"south"}}},{"from":[4,4,16.01],"to":[5,5,16.01],"light_emission":15,"faces":{"south":{"uv":[4,11,5,12],"texture":"#glow","cullface":"south"}}},{"from":[9,3,16.01],"to":[10,5,16.01],"light_emission":15,"faces":{"south":{"uv":[9,11,10,13],"texture":"#glow","cullface":"south"}}},{"from":[7,3,16.01],"to":[9,4,16.01],"light_emission":15,"faces":{"south":{"uv":[7,12,9,13],"texture":"#glow","cullface":"south"}}},{"from":[13,3,16.01],"to":[14,4,16.01],"light_emission":15,"faces":{"south":{"uv":[13,12,14,13],"texture":"#glow","cullface":"south"}}},{"from":[8,2,16.01],"to":[9,3,16.01],"light_emission":15,"faces":{"south":{"uv":[8,13,9,14],"texture":"#glow","cullface":"south"}}},{"from":[12,2,16.01],"to":[13,3,16.01],"light_emission":15,"faces":{"south":{"uv":[12,13,13,14],"texture":"#glow","cullface":"south"}}},{"from":[-0.01,13,8],"to":[-0.01,14,10],"light_emission":15,"faces":{"west":{"uv":[8,2,10,3],"texture":"#glow","cullface":"west"}}},{"from":[-0.01,12,5],"to":[-0.01,13,8],"light_emission":15,"faces":{"west":{"uv":[5,3,8,4],"texture":"#glow","cullface":"west"}}},{"from":[-0.01,10,4],"to":[-0.01,12,6],"light_emission":15,"faces":{"west":{"uv":[4,4,6,6],"texture":"#glow","cullface":"west"}}},{"from":[-0.01,9,9],"to":[-0.01,11,10],"light_emission":15,"faces":{"west":{"uv":[9,5,10,7],"texture":"#glow","cullface":"west"}}},{"from":[-0.01,10,11],"to":[-0.01,11,12],"light_emission":15,"faces":{"west":{"uv":[11,5,12,6],"texture":"#glow","cullface":"west"}}},{"from":[-0.01,9,4],"to":[-0.01,10,5],"light_emission":15,"faces":{"west":{"uv":[4,6,5,7],"texture":"#glow","cullface":"west"}}},{"from":[-0.01,9,6],"to":[-0.01,10,9],"light_emission":15,"faces":{"west":{"uv":[6,6,9,7],"texture":"#glow","cullface":"west"}}},{"from":[-0.01,9,10],"to":[-0.01,10,11],"light_emission":15,"faces":{"west":{"uv":[10,6,11,7],"texture":"#glow","cullface":"west"}}},{"from":[-0.01,8,6],"to":[-0.01,9,7],"light_emission":15,"faces":{"west":{"uv":[6,7,7,8],"texture":"#glow","cullface":"west"}}},{"from":[-0.01,8,8],"to":[-0.01,9,9],"light_emission":15,"faces":{"west":{"uv":[8,7,9,8],"texture":"#glow","cullface":"west"}}},{"from":[-0.01,8,13],"to":[-0.01,9,15],"light_emission":15,"faces":{"west":{"uv":[13,7,15,8],"texture":"#glow","cullface":"west"}}},{"from":[-0.01,5,4],"to":[-0.01,8,6],"light_emission":15,"faces":{"west":{"uv":[4,8,6,11],"texture":"#glow","cullface":"west"}}},{"from":[-0.01,6,12],"to":[-0.01,8,14],"light_emission":15,"faces":{"west":{"uv":[12,8,14,10],"texture":"#glow","cullface":"west"}}},{"from":[-0.01,6,14],"to":[-0.01,7,15],"light_emission":15,"faces":{"west":{"uv":[14,9,15,10],"texture":"#glow","cullface":"west"}}},{"from":[-0.01,5,3],"to":[-0.01,6,4],"light_emission":15,"faces":{"west":{"uv":[3,10,4,11],"texture":"#glow","cullface":"west"}}},{"from":[-0.01,5,12],"to":[-0.01,6,13],"light_emission":15,"faces":{"west":{"uv":[12,10,13,11],"texture":"#glow","cullface":"west"}}},{"from":[-0.01,4,4],"to":[-0.01,5,5],"light_emission":15,"faces":{"west":{"uv":[4,11,5,12],"texture":"#glow","cullface":"west"}}},{"from":[-0.01,3,9],"to":[-0.01,5,10],"light_emission":15,"faces":{"west":{"uv":[9,11,10,13],"texture":"#glow","cullface":"west"}}},{"from":[-0.01,3,7],"to":[-0.01,4,9],"light_emission":15,"faces":{"west":{"uv":[7,12,9,13],"texture":"#glow","cullface":"west"}}},{"from":[-0.01,3,13],"to":[-0.01,4,14],"light_emission":15,"faces":{"west":{"uv":[13,12,14,13],"texture":"#glow","cullface":"west"}}},{"from":[-0.01,2,8],"to":[-0.01,3,9],"light_emission":15,"faces":{"west":{"uv":[8,13,9,14],"texture":"#glow","cullface":"west"}}},{"from":[-0.01,2,12],"to":[-0.01,3,13],"light_emission":15,"faces":{"west":{"uv":[12,13,13,14],"texture":"#glow","cullface":"west"}}},{"from":[8,16.01,2],"to":[10,16.01,3],"light_emission":15,"faces":{"up":{"uv":[8,2,10,3],"texture":"#glow","cullface":"up"}}},{"from":[5,16.01,3],"to":[8,16.01,4],"light_emission":15,"faces":{"up":{"uv":[5,3,8,4],"texture":"#glow","cullface":"up"}}},{"from":[4,16.01,4],"to":[6,16.01,6],"light_emission":15,"faces":{"up":{"uv":[4,4,6,6],"texture":"#glow","cullface":"up"}}},{"from":[9,16.01,5],"to":[10,16.01,7],"light_emission":15,"faces":{"up":{"uv":[9,5,10,7],"texture":"#glow","cullface":"up"}}},{"from":[11,16.01,5],"to":[12,16.01,6],"light_emission":15,"faces":{"up":{"uv":[11,5,12,6],"texture":"#glow","cullface":"up"}}},{"from":[4,16.01,6],"to":[5,16.01,7],"light_emission":15,"faces":{"up":{"uv":[4,6,5,7],"texture":"#glow","cullface":"up"}}},{"from":[6,16.01,6],"to":[9,16.01,7],"light_emission":15,"faces":{"up":{"uv":[6,6,9,7],"texture":"#glow","cullface":"up"}}},{"from":[10,16.01,6],"to":[11,16.01,7],"light_emission":15,"faces":{"up":{"uv":[10,6,11,7],"texture":"#glow","cullface":"up"}}},{"from":[6,16.01,7],"to":[7,16.01,8],"light_emission":15,"faces":{"up":{"uv":[6,7,7,8],"texture":"#glow","cullface":"up"}}},{"from":[8,16.01,7],"to":[9,16.01,8],"light_emission":15,"faces":{"up":{"uv":[8,7,9,8],"texture":"#glow","cullface":"up"}}},{"from":[13,16.01,7],"to":[15,16.01,8],"light_emission":15,"faces":{"up":{"uv":[13,7,15,8],"texture":"#glow","cullface":"up"}}},{"from":[4,16.01,8],"to":[6,16.01,11],"light_emission":15,"faces":{"up":{"uv":[4,8,6,11],"texture":"#glow","cullface":"up"}}},{"from":[12,16.01,8],"to":[14,16.01,10],"light_emission":15,"faces":{"up":{"uv":[12,8,14,10],"texture":"#glow","cullface":"up"}}},{"from":[14,16.01,9],"to":[15,16.01,10],"light_emission":15,"faces":{"up":{"uv":[14,9,15,10],"texture":"#glow","cullface":"up"}}},{"from":[3,16.01,10],"to":[4,16.01,11],"light_emission":15,"faces":{"up":{"uv":[3,10,4,11],"texture":"#glow","cullface":"up"}}},{"from":[12,16.01,10],"to":[13,16.01,11],"light_emission":15,"faces":{"up":{"uv":[12,10,13,11],"texture":"#glow","cullface":"up"}}},{"from":[4,16.01,11],"to":[5,16.01,12],"light_emission":15,"faces":{"up":{"uv":[4,11,5,12],"texture":"#glow","cullface":"up"}}},{"from":[9,16.01,11],"to":[10,16.01,13],"light_emission":15,"faces":{"up":{"uv":[9,11,10,13],"texture":"#glow","cullface":"up"}}},{"from":[7,16.01,12],"to":[9,16.01,13],"light_emission":15,"faces":{"up":{"uv":[7,12,9,13],"texture":"#glow","cullface":"up"}}},{"from":[13,16.01,12],"to":[14,16.01,13],"light_emission":15,"faces":{"up":{"uv":[13,12,14,13],"texture":"#glow","cullface":"up"}}},{"from":[8,16.01,13],"to":[9,16.01,14],"light_emission":15,"faces":{"up":{"uv":[8,13,9,14],"texture":"#glow","cullface":"up"}}},{"from":[12,16.01,13],"to":[13,16.01,14],"light_emission":15,"faces":{"up":{"uv":[12,13,13,14],"texture":"#glow","cullface":"up"}}},{"from":[8,-0.01,13],"to":[10,-0.01,14],"light_emission":15,"faces":{"down":{"uv":[8,2,10,3],"texture":"#glow","cullface":"down"}}},{"from":[5,-0.01,12],"to":[8,-0.01,13],"light_emission":15,"faces":{"down":{"uv":[5,3,8,4],"texture":"#glow","cullface":"down"}}},{"from":[4,-0.01,10],"to":[6,-0.01,12],"light_emission":15,"faces":{"down":{"uv":[4,4,6,6],"texture":"#glow","cullface":"down"}}},{"from":[9,-0.01,9],"to":[10,-0.01,11],"light_emission":15,"faces":{"down":{"uv":[9,5,10,7],"texture":"#glow","cullface":"down"}}},{"from":[11,-0.01,10],"to":[12,-0.01,11],"light_emission":15,"faces":{"down":{"uv":[11,5,12,6],"texture":"#glow","cullface":"down"}}},{"from":[4,-0.01,9],"to":[5,-0.01,10],"light_emission":15,"faces":{"down":{"uv":[4,6,5,7],"texture":"#glow","cullface":"down"}}},{"from":[6,-0.01,9],"to":[9,-0.01,10],"light_emission":15,"faces":{"down":{"uv":[6,6,9,7],"texture":"#glow","cullface":"down"}}},{"from":[10,-0.01,9],"to":[11,-0.01,10],"light_emission":15,"faces":{"down":{"uv":[10,6,11,7],"texture":"#glow","cullface":"down"}}},{"from":[6,-0.01,8],"to":[7,-0.01,9],"light_emission":15,"faces":{"down":{"uv":[6,7,7,8],"texture":"#glow","cullface":"down"}}},{"from":[8,-0.01,8],"to":[9,-0.01,9],"light_emission":15,"faces":{"down":{"uv":[8,7,9,8],"texture":"#glow","cullface":"down"}}},{"from":[13,-0.01,8],"to":[15,-0.01,9],"light_emission":15,"faces":{"down":{"uv":[13,7,15,8],"texture":"#glow","cullface":"down"}}},{"from":[4,-0.01,5],"to":[6,-0.01,8],"light_emission":15,"faces":{"down":{"uv":[4,8,6,11],"texture":"#glow","cullface":"down"}}},{"from":[12,-0.01,6],"to":[14,-0.01,8],"light_emission":15,"faces":{"down":{"uv":[12,8,14,10],"texture":"#glow","cullface":"down"}}},{"from":[14,-0.01,6],"to":[15,-0.01,7],"light_emission":15,"faces":{"down":{"uv":[14,9,15,10],"texture":"#glow","cullface":"down"}}},{"from":[3,-0.01,5],"to":[4,-0.01,6],"light_emission":15,"faces":{"down":{"uv":[3,10,4,11],"texture":"#glow","cullface":"down"}}},{"from":[12,-0.01,5],"to":[13,-0.01,6],"light_emission":15,"faces":{"down":{"uv":[12,10,13,11],"texture":"#glow","cullface":"down"}}},{"from":[4,-0.01,4],"to":[5,-0.01,5],"light_emission":15,"faces":{"down":{"uv":[4,11,5,12],"texture":"#glow","cullface":"down"}}},{"from":[9,-0.01,3],"to":[10,-0.01,5],"light_emission":15,"faces":{"down":{"uv":[9,11,10,13],"texture":"#glow","cullface":"down"}}},{"from":[7,-0.01,3],"to":[9,-0.01,4],"light_emission":15,"faces":{"down":{"uv":[7,12,9,13],"texture":"#glow","cullface":"down"}}},{"from":[13,-0.01,3],"to":[14,-0.01,4],"light_emission":15,"faces":{"down":{"uv":[13,12,14,13],"texture":"#glow","cullface":"down"}}},{"from":[8,-0.01,2],"to":[9,-0.01,3],"light_emission":15,"faces":{"down":{"uv":[8,13,9,14],"texture":"#glow","cullface":"down"}}},{"from":[12,-0.01,2],"to":[13,-0.01,3],"light_emission":15,"faces":{"down":{"uv":[12,13,13,14],"texture":"#glow","cullface":"down"}}}]}