{"credit":"By Ewan Howell","parent":"block/block","textures":{"glow":"block/coal_ore_e","particle":"#base"},"elements":[{"from":[0,0,0],"to":[16,16,16],"faces":{"north":{"uv":[0,0,16,16],"texture":"#base","cullface":"north","tintindex":0},"east":{"uv":[0,0,16,16],"texture":"#base","cullface":"east","tintindex":0},"south":{"uv":[0,0,16,16],"texture":"#base","cullface":"south","tintindex":0},"west":{"uv":[0,0,16,16],"texture":"#base","cullface":"west","tintindex":0},"up":{"uv":[0,0,16,16],"texture":"#base","cullface":"up","tintindex":0},"down":{"uv":[0,0,16,16],"texture":"#base","cullface":"down","tintindex":0}}},{"from":[7,12,-0.01],"to":[10,14,-0.01],"light_emission":15,"faces":{"north":{"uv":[6,2,9,4],"texture":"#glow","cullface":"north"}}},{"from":[2,13,-0.01],"to":[4,14,-0.01],"light_emission":15,"faces":{"north":{"uv":[12,2,14,3],"texture":"#glow","cullface":"north"}}},{"from":[10,12,-0.01],"to":[11,13,-0.01],"light_emission":15,"faces":{"north":{"uv":[5,3,6,4],"texture":"#glow","cullface":"north"}}},{"from":[5,12,-0.01],"to":[7,13,-0.01],"light_emission":15,"faces":{"north":{"uv":[9,3,11,4],"texture":"#glow","cullface":"north"}}},{"from":[13,11,-0.01],"to":[15,12,-0.01],"light_emission":15,"faces":{"north":{"uv":[1,4,3,5],"texture":"#glow","cullface":"north"}}},{"from":[6,11,-0.01],"to":[9,12,-0.01],"light_emission":15,"faces":{"north":{"uv":[7,4,10,5],"texture":"#glow","cullface":"north"}}},{"from":[3,9,-0.01],"to":[6,10,-0.01],"light_emission":15,"faces":{"north":{"uv":[10,6,13,7],"texture":"#glow","cullface":"north"}}},{"from":[9,7,-0.01],"to":[12,9,-0.01],"light_emission":15,"faces":{"north":{"uv":[4,7,7,9],"texture":"#glow","cullface":"north"}}},{"from":[3,8,-0.01],"to":[5,9,-0.01],"light_emission":15,"faces":{"north":{"uv":[11,7,13,8],"texture":"#glow","cullface":"north"}}},{"from":[12,7,-0.01],"to":[13,8,-0.01],"light_emission":15,"faces":{"north":{"uv":[3,8,4,9],"texture":"#glow","cullface":"north"}}},{"from":[8,7,-0.01],"to":[9,8,-0.01],"light_emission":15,"faces":{"north":{"uv":[7,8,8,9],"texture":"#glow","cullface":"north"}}},{"from":[10,6,-0.01],"to":[12,7,-0.01],"light_emission":15,"faces":{"north":{"uv":[4,9,6,10],"texture":"#glow","cullface":"north"}}},{"from":[1,5,-0.01],"to":[3,6,-0.01],"light_emission":15,"faces":{"north":{"uv":[13,10,15,11],"texture":"#glow","cullface":"north"}}},{"from":[9,3,-0.01],"to":[14,4,-0.01],"light_emission":15,"faces":{"north":{"uv":[2,12,7,13],"texture":"#glow","cullface":"north"}}},{"from":[4,2,-0.01],"to":[6,4,-0.01],"light_emission":15,"faces":{"north":{"uv":[10,12,12,14],"texture":"#glow","cullface":"north"}}},{"from":[3,3,-0.01],"to":[4,4,-0.01],"light_emission":15,"faces":{"north":{"uv":[12,12,13,13],"texture":"#glow","cullface":"north"}}},{"from":[11,2,-0.01],"to":[13,3,-0.01],"light_emission":15,"faces":{"north":{"uv":[3,13,5,14],"texture":"#glow","cullface":"north"}}},{"from":[8,1,-0.01],"to":[10,2,-0.01],"light_emission":15,"faces":{"north":{"uv":[6,14,8,15],"texture":"#glow","cullface":"north"}}},{"from":[16.01,12,7],"to":[16.01,14,10],"light_emission":15,"faces":{"east":{"uv":[6,2,9,4],"texture":"#glow","cullface":"east"}}},{"from":[16.01,13,2],"to":[16.01,14,4],"light_emission":15,"faces":{"east":{"uv":[12,2,14,3],"texture":"#glow","cullface":"east"}}},{"from":[16.01,12,10],"to":[16.01,13,11],"light_emission":15,"faces":{"east":{"uv":[5,3,6,4],"texture":"#glow","cullface":"east"}}},{"from":[16.01,12,5],"to":[16.01,13,7],"light_emission":15,"faces":{"east":{"uv":[9,3,11,4],"texture":"#glow","cullface":"east"}}},{"from":[16.01,11,13],"to":[16.01,12,15],"light_emission":15,"faces":{"east":{"uv":[1,4,3,5],"texture":"#glow","cullface":"east"}}},{"from":[16.01,11,6],"to":[16.01,12,9],"light_emission":15,"faces":{"east":{"uv":[7,4,10,5],"texture":"#glow","cullface":"east"}}},{"from":[16.01,9,3],"to":[16.01,10,6],"light_emission":15,"faces":{"east":{"uv":[10,6,13,7],"texture":"#glow","cullface":"east"}}},{"from":[16.01,7,9],"to":[16.01,9,12],"light_emission":15,"faces":{"east":{"uv":[4,7,7,9],"texture":"#glow","cullface":"east"}}},{"from":[16.01,8,3],"to":[16.01,9,5],"light_emission":15,"faces":{"east":{"uv":[11,7,13,8],"texture":"#glow","cullface":"east"}}},{"from":[16.01,7,12],"to":[16.01,8,13],"light_emission":15,"faces":{"east":{"uv":[3,8,4,9],"texture":"#glow","cullface":"east"}}},{"from":[16.01,7,8],"to":[16.01,8,9],"light_emission":15,"faces":{"east":{"uv":[7,8,8,9],"texture":"#glow","cullface":"east"}}},{"from":[16.01,6,10],"to":[16.01,7,12],"light_emission":15,"faces":{"east":{"uv":[4,9,6,10],"texture":"#glow","cullface":"east"}}},{"from":[16.01,5,1],"to":[16.01,6,3],"light_emission":15,"faces":{"east":{"uv":[13,10,15,11],"texture":"#glow","cullface":"east"}}},{"from":[16.01,3,9],"to":[16.01,4,14],"light_emission":15,"faces":{"east":{"uv":[2,12,7,13],"texture":"#glow","cullface":"east"}}},{"from":[16.01,2,4],"to":[16.01,4,6],"light_emission":15,"faces":{"east":{"uv":[10,12,12,14],"texture":"#glow","cullface":"east"}}},{"from":[16.01,3,3],"to":[16.01,4,4],"light_emission":15,"faces":{"east":{"uv":[12,12,13,13],"texture":"#glow","cullface":"east"}}},{"from":[16.01,2,11],"to":[16.01,3,13],"light_emission":15,"faces":{"east":{"uv":[3,13,5,14],"texture":"#glow","cullface":"east"}}},{"from":[16.01,1,8],"to":[16.01,2,10],"light_emission":15,"faces":{"east":{"uv":[6,14,8,15],"texture":"#glow","cullface":"east"}}},{"from":[6,12,16.01],"to":[9,14,16.01],"light_emission":15,"faces":{"south":{"uv":[6,2,9,4],"texture":"#glow","cullface":"south"}}},{"from":[12,13,16.01],"to":[14,14,16.01],"light_emission":15,"faces":{"south":{"uv":[12,2,14,3],"texture":"#glow","cullface":"south"}}},{"from":[5,12,16.01],"to":[6,13,16.01],"light_emission":15,"faces":{"south":{"uv":[5,3,6,4],"texture":"#glow","cullface":"south"}}},{"from":[9,12,16.01],"to":[11,13,16.01],"light_emission":15,"faces":{"south":{"uv":[9,3,11,4],"texture":"#glow","cullface":"south"}}},{"from":[1,11,16.01],"to":[3,12,16.01],"light_emission":15,"faces":{"south":{"uv":[1,4,3,5],"texture":"#glow","cullface":"south"}}},{"from":[7,11,16.01],"to":[10,12,16.01],"light_emission":15,"faces":{"south":{"uv":[7,4,10,5],"texture":"#glow","cullface":"south"}}},{"from":[10,9,16.01],"to":[13,10,16.01],"light_emission":15,"faces":{"south":{"uv":[10,6,13,7],"texture":"#glow","cullface":"south"}}},{"from":[4,7,16.01],"to":[7,9,16.01],"light_emission":15,"faces":{"south":{"uv":[4,7,7,9],"texture":"#glow","cullface":"south"}}},{"from":[11,8,16.01],"to":[13,9,16.01],"light_emission":15,"faces":{"south":{"uv":[11,7,13,8],"texture":"#glow","cullface":"south"}}},{"from":[3,7,16.01],"to":[4,8,16.01],"light_emission":15,"faces":{"south":{"uv":[3,8,4,9],"texture":"#glow","cullface":"south"}}},{"from":[7,7,16.01],"to":[8,8,16.01],"light_emission":15,"faces":{"south":{"uv":[7,8,8,9],"texture":"#glow","cullface":"south"}}},{"from":[4,6,16.01],"to":[6,7,16.01],"light_emission":15,"faces":{"south":{"uv":[4,9,6,10],"texture":"#glow","cullface":"south"}}},{"from":[13,5,16.01],"to":[15,6,16.01],"light_emission":15,"faces":{"south":{"uv":[13,10,15,11],"texture":"#glow","cullface":"south"}}},{"from":[2,3,16.01],"to":[7,4,16.01],"light_emission":15,"faces":{"south":{"uv":[2,12,7,13],"texture":"#glow","cullface":"south"}}},{"from":[10,2,16.01],"to":[12,4,16.01],"light_emission":15,"faces":{"south":{"uv":[10,12,12,14],"texture":"#glow","cullface":"south"}}},{"from":[12,3,16.01],"to":[13,4,16.01],"light_emission":15,"faces":{"south":{"uv":[12,12,13,13],"texture":"#glow","cullface":"south"}}},{"from":[3,2,16.01],"to":[5,3,16.01],"light_emission":15,"faces":{"south":{"uv":[3,13,5,14],"texture":"#glow","cullface":"south"}}},{"from":[6,1,16.01],"to":[8,2,16.01],"light_emission":15,"faces":{"south":{"uv":[6,14,8,15],"texture":"#glow","cullface":"south"}}},{"from":[-0.01,12,6],"to":[-0.01,14,9],"light_emission":15,"faces":{"west":{"uv":[6,2,9,4],"texture":"#glow","cullface":"west"}}},{"from":[-0.01,13,12],"to":[-0.01,14,14],"light_emission":15,"faces":{"west":{"uv":[12,2,14,3],"texture":"#glow","cullface":"west"}}},{"from":[-0.01,12,5],"to":[-0.01,13,6],"light_emission":15,"faces":{"west":{"uv":[5,3,6,4],"texture":"#glow","cullface":"west"}}},{"from":[-0.01,12,9],"to":[-0.01,13,11],"light_emission":15,"faces":{"west":{"uv":[9,3,11,4],"texture":"#glow","cullface":"west"}}},{"from":[-0.01,11,1],"to":[-0.01,12,3],"light_emission":15,"faces":{"west":{"uv":[1,4,3,5],"texture":"#glow","cullface":"west"}}},{"from":[-0.01,11,7],"to":[-0.01,12,10],"light_emission":15,"faces":{"west":{"uv":[7,4,10,5],"texture":"#glow","cullface":"west"}}},{"from":[-0.01,9,10],"to":[-0.01,10,13],"light_emission":15,"faces":{"west":{"uv":[10,6,13,7],"texture":"#glow","cullface":"west"}}},{"from":[-0.01,7,4],"to":[-0.01,9,7],"light_emission":15,"faces":{"west":{"uv":[4,7,7,9],"texture":"#glow","cullface":"west"}}},{"from":[-0.01,8,11],"to":[-0.01,9,13],"light_emission":15,"faces":{"west":{"uv":[11,7,13,8],"texture":"#glow","cullface":"west"}}},{"from":[-0.01,7,3],"to":[-0.01,8,4],"light_emission":15,"faces":{"west":{"uv":[3,8,4,9],"texture":"#glow","cullface":"west"}}},{"from":[-0.01,7,7],"to":[-0.01,8,8],"light_emission":15,"faces":{"west":{"uv":[7,8,8,9],"texture":"#glow","cullface":"west"}}},{"from":[-0.01,6,4],"to":[-0.01,7,6],"light_emission":15,"faces":{"west":{"uv":[4,9,6,10],"texture":"#glow","cullface":"west"}}},{"from":[-0.01,5,13],"to":[-0.01,6,15],"light_emission":15,"faces":{"west":{"uv":[13,10,15,11],"texture":"#glow","cullface":"west"}}},{"from":[-0.01,3,2],"to":[-0.01,4,7],"light_emission":15,"faces":{"west":{"uv":[2,12,7,13],"texture":"#glow","cullface":"west"}}},{"from":[-0.01,2,10],"to":[-0.01,4,12],"light_emission":15,"faces":{"west":{"uv":[10,12,12,14],"texture":"#glow","cullface":"west"}}},{"from":[-0.01,3,12],"to":[-0.01,4,13],"light_emission":15,"faces":{"west":{"uv":[12,12,13,13],"texture":"#glow","cullface":"west"}}},{"from":[-0.01,2,3],"to":[-0.01,3,5],"light_emission":15,"faces":{"west":{"uv":[3,13,5,14],"texture":"#glow","cullface":"west"}}},{"from":[-0.01,1,6],"to":[-0.01,2,8],"light_emission":15,"faces":{"west":{"uv":[6,14,8,15],"texture":"#glow","cullface":"west"}}},{"from":[6,16.01,2],"to":[9,16.01,4],"light_emission":15,"faces":{"up":{"uv":[6,2,9,4],"texture":"#glow","cullface":"up"}}},{"from":[12,16.01,2],"to":[14,16.01,3],"light_emission":15,"faces":{"up":{"uv":[12,2,14,3],"texture":"#glow","cullface":"up"}}},{"from":[5,16.01,3],"to":[6,16.01,4],"light_emission":15,"faces":{"up":{"uv":[5,3,6,4],"texture":"#glow","cullface":"up"}}},{"from":[9,16.01,3],"to":[11,16.01,4],"light_emission":15,"faces":{"up":{"uv":[9,3,11,4],"texture":"#glow","cullface":"up"}}},{"from":[1,16.01,4],"to":[3,16.01,5],"light_emission":15,"faces":{"up":{"uv":[1,4,3,5],"texture":"#glow","cullface":"up"}}},{"from":[7,16.01,4],"to":[10,16.01,5],"light_emission":15,"faces":{"up":{"uv":[7,4,10,5],"texture":"#glow","cullface":"up"}}},{"from":[10,16.01,6],"to":[13,16.01,7],"light_emission":15,"faces":{"up":{"uv":[10,6,13,7],"texture":"#glow","cullface":"up"}}},{"from":[4,16.01,7],"to":[7,16.01,9],"light_emission":15,"faces":{"up":{"uv":[4,7,7,9],"texture":"#glow","cullface":"up"}}},{"from":[11,16.01,7],"to":[13,16.01,8],"light_emission":15,"faces":{"up":{"uv":[11,7,13,8],"texture":"#glow","cullface":"up"}}},{"from":[3,16.01,8],"to":[4,16.01,9],"light_emission":15,"faces":{"up":{"uv":[3,8,4,9],"texture":"#glow","cullface":"up"}}},{"from":[7,16.01,8],"to":[8,16.01,9],"light_emission":15,"faces":{"up":{"uv":[7,8,8,9],"texture":"#glow","cullface":"up"}}},{"from":[4,16.01,9],"to":[6,16.01,10],"light_emission":15,"faces":{"up":{"uv":[4,9,6,10],"texture":"#glow","cullface":"up"}}},{"from":[13,16.01,10],"to":[15,16.01,11],"light_emission":15,"faces":{"up":{"uv":[13,10,15,11],"texture":"#glow","cullface":"up"}}},{"from":[2,16.01,12],"to":[7,16.01,13],"light_emission":15,"faces":{"up":{"uv":[2,12,7,13],"texture":"#glow","cullface":"up"}}},{"from":[10,16.01,12],"to":[12,16.01,14],"light_emission":15,"faces":{"up":{"uv":[10,12,12,14],"texture":"#glow","cullface":"up"}}},{"from":[12,16.01,12],"to":[13,16.01,13],"light_emission":15,"faces":{"up":{"uv":[12,12,13,13],"texture":"#glow","cullface":"up"}}},{"from":[3,16.01,13],"to":[5,16.01,14],"light_emission":15,"faces":{"up":{"uv":[3,13,5,14],"texture":"#glow","cullface":"up"}}},{"from":[6,16.01,14],"to":[8,16.01,15],"light_emission":15,"faces":{"up":{"uv":[6,14,8,15],"texture":"#glow","cullface":"up"}}},{"from":[6,-0.01,12],"to":[9,-0.01,14],"light_emission":15,"faces":{"down":{"uv":[6,2,9,4],"texture":"#glow","cullface":"down"}}},{"from":[12,-0.01,13],"to":[14,-0.01,14],"light_emission":15,"faces":{"down":{"uv":[12,2,14,3],"texture":"#glow","cullface":"down"}}},{"from":[5,-0.01,12],"to":[6,-0.01,13],"light_emission":15,"faces":{"down":{"uv":[5,3,6,4],"texture":"#glow","cullface":"down"}}},{"from":[9,-0.01,12],"to":[11,-0.01,13],"light_emission":15,"faces":{"down":{"uv":[9,3,11,4],"texture":"#glow","cullface":"down"}}},{"from":[1,-0.01,11],"to":[3,-0.01,12],"light_emission":15,"faces":{"down":{"uv":[1,4,3,5],"texture":"#glow","cullface":"down"}}},{"from":[7,-0.01,11],"to":[10,-0.01,12],"light_emission":15,"faces":{"down":{"uv":[7,4,10,5],"texture":"#glow","cullface":"down"}}},{"from":[10,-0.01,9],"to":[13,-0.01,10],"light_emission":15,"faces":{"down":{"uv":[10,6,13,7],"texture":"#glow","cullface":"down"}}},{"from":[4,-0.01,7],"to":[7,-0.01,9],"light_emission":15,"faces":{"down":{"uv":[4,7,7,9],"texture":"#glow","cullface":"down"}}},{"from":[11,-0.01,8],"to":[13,-0.01,9],"light_emission":15,"faces":{"down":{"uv":[11,7,13,8],"texture":"#glow","cullface":"down"}}},{"from":[3,-0.01,7],"to":[4,-0.01,8],"light_emission":15,"faces":{"down":{"uv":[3,8,4,9],"texture":"#glow","cullface":"down"}}},{"from":[7,-0.01,7],"to":[8,-0.01,8],"light_emission":15,"faces":{"down":{"uv":[7,8,8,9],"texture":"#glow","cullface":"down"}}},{"from":[4,-0.01,6],"to":[6,-0.01,7],"light_emission":15,"faces":{"down":{"uv":[4,9,6,10],"texture":"#glow","cullface":"down"}}},{"from":[13,-0.01,5],"to":[15,-0.01,6],"light_emission":15,"faces":{"down":{"uv":[13,10,15,11],"texture":"#glow","cullface":"down"}}},{"from":[2,-0.01,3],"to":[7,-0.01,4],"light_emission":15,"faces":{"down":{"uv":[2,12,7,13],"texture":"#glow","cullface":"down"}}},{"from":[10,-0.01,2],"to":[12,-0.01,4],"light_emission":15,"faces":{"down":{"uv":[10,12,12,14],"texture":"#glow","cullface":"down"}}},{"from":[12,-0.01,3],"to":[13,-0.01,4],"light_emission":15,"faces":{"down":{"uv":[12,12,13,13],"texture":"#glow","cullface":"down"}}},{"from":[3,-0.01,2],"to":[5,-0.01,3],"light_emission":15,"faces":{"down":{"uv":[3,13,5,14],"texture":"#glow","cullface":"down"}}},{"from":[6,-0.01,1],"to":[8,-0.01,2],"light_emission":15,"faces":{"down":{"uv":[6,14,8,15],"texture":"#glow","cullface":"down"}}}]}